id,技能名称,页面标题,描述,效果,耗能,属性,威力,技能类别,技能版本,页面链接
1,一拳,一拳,,对敌方精灵造成物理伤害。,5,武,140,物攻,0.1,https://wiki.biligame.com/rocom/%E4%B8%80%E6%8B%B3
2,三连破,三连破,,自己获得物攻+30%，3连击。,1,普通,0,状态,0.1,https://wiki.biligame.com/rocom/%E4%B8%89%E8%BF%9E%E7%A0%B4
3,三鼓作气,三鼓作气,,提升自身30%物攻，3连击。,3,普通,,状态,,https://wiki.biligame.com/rocom/%E4%B8%89%E9%BC%93%E4%BD%9C%E6%B0%94
4,不动如山,不动如山,S2赛季调整：&nbsp;技能能耗2，减伤90%，应对攻击。一应对攻击:自身物攻+50%,减伤90%，应对攻击：自身物攻+50％。,2,地,0,防御,0.2,https://wiki.biligame.com/rocom/%E4%B8%8D%E5%8A%A8%E5%A6%82%E5%B1%B1
5,不可接触,不可接触,老师干叮咛万嘱咐，给精灵使用毒系秘药的时候，记得带好口罩手套。,减伤50%，敌方每有1层中毒效果，本技能减伤+10%，应对攻击。,1,毒,0,防御,0.1,https://wiki.biligame.com/rocom/%E4%B8%8D%E5%8F%AF%E6%8E%A5%E8%A7%A6
6,丢冰块,丢冰块,,造成物伤，敌方获得速度-30。,3,冰,90,物攻,0.1,https://wiki.biligame.com/rocom/%E4%B8%A2%E5%86%B0%E5%9D%97
7,丰饶,丰饶,“信我！白树真的没有死，她仍然在喂养我们！”,自己获得物攻和魔攻+140%。,3,草,0,状态,0.1,https://wiki.biligame.com/rocom/%E4%B8%B0%E9%A5%B6
8,主场优势,主场优势,,自己获得1层攻击印记。,3,普通,0,状态,0.1,https://wiki.biligame.com/rocom/%E4%B8%BB%E5%9C%BA%E4%BC%98%E5%8A%BF
9,主轴,主轴,,造成物伤，此技能位置不会改变。,2,机械,75,物攻,0.1,https://wiki.biligame.com/rocom/%E4%B8%BB%E8%BD%B4
10,乘胜追击,乘胜追击,“怎么又来了？”,造成物伤，1连击，每次使用后，本技能连击数永久+1。,2,普通,40,物攻,0.1,https://wiki.biligame.com/rocom/%E4%B9%98%E8%83%9C%E8%BF%BD%E5%87%BB
11,乘风,乘风,,自己获得速度+120。,2,翼,0,状态,0.1,https://wiki.biligame.com/rocom/%E4%B9%98%E9%A3%8E
12,乱打,乱打,无招胜有招。,造成魔伤，5连击。,4,普通,25,魔攻,0.1,https://wiki.biligame.com/rocom/%E4%B9%B1%E6%89%93
13,二律背反,二律背反,,敌方获得3层星陨印记，应对防御：额外使敌方星陨印记层数翻倍。,4,幻,0,状态,0.1,https://wiki.biligame.com/rocom/%E4%BA%8C%E5%BE%8B%E8%83%8C%E5%8F%8D
14,交叉闪电,交叉闪电,,对敌方精灵造成物理伤害。,3,电,100,物攻,0.1,https://wiki.biligame.com/rocom/%E4%BA%A4%E5%8F%89%E9%97%AA%E7%94%B5
15,仙人掌刺击,仙人掌刺击,,对敌方精灵造成物理伤害。,6,草,150,物攻,0.1,https://wiki.biligame.com/rocom/%E4%BB%99%E4%BA%BA%E6%8E%8C%E5%88%BA%E5%87%BB
16,以毒攻毒,以毒攻毒,,敌方每有1层中毒效果，自己获得魔攻+30%。,1,毒,0,状态,0.1,https://wiki.biligame.com/rocom/%E4%BB%A5%E6%AF%92%E6%94%BB%E6%AF%92
17,以重制重,以重制重,,造成物伤，敌方体重越高，本次技能威力越高。,3,普通,0,物攻,0.1,https://wiki.biligame.com/rocom/%E4%BB%A5%E9%87%8D%E5%88%B6%E9%87%8D
18,休息回复,休息回复,,自己回复30%生命。,2,普通,0,状态,0.1,https://wiki.biligame.com/rocom/%E4%BC%91%E6%81%AF%E5%9B%9E%E5%A4%8D
19,传感器,传感器,,造成物伤，2连击，本技能位于1号或3号位时连击+1，传动1。,1,机械,20,物攻,0.1,https://wiki.biligame.com/rocom/%E4%BC%A0%E6%84%9F%E5%99%A8
20,伪造账单,伪造账单,,若敌方本回合回复生命，改为失去2倍。先手+1。,1,恶,0,状态,0.1,https://wiki.biligame.com/rocom/%E4%BC%AA%E9%80%A0%E8%B4%A6%E5%8D%95
21,伺机而动,伺机而动,,下一次攻击时，技能威力+70。,1,普通,0,状态,0.1,https://wiki.biligame.com/rocom/%E4%BC%BA%E6%9C%BA%E8%80%8C%E5%8A%A8
22,俯冲,俯冲,,造成物伤，先手+1。,7,翼,170,物攻,0.1,https://wiki.biligame.com/rocom/%E4%BF%AF%E5%86%B2
23,俯冲猛击,俯冲猛击,,对敌方精灵造成物理伤害。,5,翼,140,物攻,0.1,https://wiki.biligame.com/rocom/%E4%BF%AF%E5%86%B2%E7%8C%9B%E5%87%BB
24,借用,借用,,每回合随机变成己方队伍中其他精灵的技能。,0,普通,0,状态,0.1,https://wiki.biligame.com/rocom/%E5%80%9F%E7%94%A8
25,倾泻,倾泻,,造成魔伤，若本次攻击未被防御技能应对，则驱散双方所有印记。,3,普通,70,魔攻,0.1,https://wiki.biligame.com/rocom/%E5%80%BE%E6%B3%BB
26,假冒,假冒,,自己的生命比例变为与敌方生命比例相同，巧变：恶系攻击技能。,2,恶,0,状态,0.1,https://wiki.biligame.com/rocom/%E5%81%87%E5%86%92
27,假寐,假寐,研究手记：我在巢中坠入无光之梦，听见黑暗深处传来虫群的轰鸣。,自己回复2能量，己方队伍获得1次奉献：能耗-2。,2,虫,0,状态,0.1,https://wiki.biligame.com/rocom/%E5%81%87%E5%AF%90
28,偷师,偷师,,造成物伤，自己回复1能量。,0,幻,30,物攻,0.1,https://wiki.biligame.com/rocom/%E5%81%B7%E5%B8%88
29,偷袭,偷袭,,造成物伤，应对状态：本次技能威力变为3倍。,3,普通,85,物攻,0.1,https://wiki.biligame.com/rocom/%E5%81%B7%E8%A2%AD
30,充分燃烧,充分燃烧,,使敌方身上的灼烧翻倍，并触发1次灼烧伤害。,3,火,0,状态,0.1,https://wiki.biligame.com/rocom/%E5%85%85%E5%88%86%E7%87%83%E7%83%A7
31,先发制人,先发制人,,造成物理伤害，先手+1。,2,普通,55,物攻,0.1,https://wiki.biligame.com/rocom/%E5%85%88%E5%8F%91%E5%88%B6%E4%BA%BA
32,光之矛,光之矛,,造成物伤，3连击。,3,光,30,物攻,0.1,https://wiki.biligame.com/rocom/%E5%85%89%E4%B9%8B%E7%9F%9B
33,光刃,光刃,高能量的离子束，一不小心就会划伤皮肤，让粗心的研究员深受其害。,对敌方精灵造成物理伤害。,4,光,120,物攻,0.1,https://wiki.biligame.com/rocom/%E5%85%89%E5%88%83
34,光合作用,光合作用,,自己获得1层光合印记。,4,草,0,状态,0.1,https://wiki.biligame.com/rocom/%E5%85%89%E5%90%88%E4%BD%9C%E7%94%A8
35,光球,光球,一颗未孵化的星辰。,对敌方精灵造成魔法伤害。,2,光,80,魔攻,0.1,https://wiki.biligame.com/rocom/%E5%85%89%E7%90%83
36,光能聚集,光能聚集,,造成魔伤，每次使用其他草系技能后，本技能威力永久+60。,7,草,100,魔攻,0.1,https://wiki.biligame.com/rocom/%E5%85%89%E8%83%BD%E8%81%9A%E9%9B%86
37,入梦,入梦,如果在学院里看到野生的枕头不要躺上去，它会闯入你的梦里借走一夜安眠。,敌方下回合回复的能量-5，冷却2回合。,1,幽,0,状态,0.1,https://wiki.biligame.com/rocom/%E5%85%A5%E6%A2%A6
38,冥想,冥想,,减伤80%，应对攻击：敌方获得2层星陨印记。,3,幻,0,防御,0.1,https://wiki.biligame.com/rocom/%E5%86%A5%E6%83%B3
39,冬至,冬至,,将天气改为暴风雪，持续8回合。,7,冰,0,状态,0.1,https://wiki.biligame.com/rocom/%E5%86%AC%E8%87%B3
40,冰冻光线,冰冻光线,一缕苍白的光，它到过的地方，一切都变得又沉又重。,造成魔伤，敌方获得全技能能耗+2。,7,冰,90,魔攻,0.1,https://wiki.biligame.com/rocom/%E5%86%B0%E5%86%BB%E5%85%89%E7%BA%BF
41,冰刺,冰刺,,造成物伤，应对状态：敌方2回合无法换宠。,3,冰,85,物攻,,https://wiki.biligame.com/rocom/%E5%86%B0%E5%88%BA
42,冰墙,冰墙,,减伤80%，应对攻击：敌方获得2层冻结。,2,冰,0,防御,0.1,https://wiki.biligame.com/rocom/%E5%86%B0%E5%A2%99
43,冰天雪地,冰天雪地,,减伤80%，应对攻击：被应对技能能耗+3。,2,冰,0,防御,0.1,https://wiki.biligame.com/rocom/%E5%86%B0%E5%A4%A9%E9%9B%AA%E5%9C%B0
44,冰捆缚,冰捆缚,,2连击，每次连击敌方获得全技能能耗+1。,3,冰,0,状态,0.1,https://wiki.biligame.com/rocom/%E5%86%B0%E6%8D%86%E7%BC%9A
45,冰晶坠,冰晶坠,,造成物伤，敌方获得全技能能耗+1。,4,冰,90,物攻,0.1,https://wiki.biligame.com/rocom/%E5%86%B0%E6%99%B6%E5%9D%A0
46,冰点,冰点,,敌方获得5层冻结，应对防御：额外获得5层。,2,冰,0,状态,0.1,https://wiki.biligame.com/rocom/%E5%86%B0%E7%82%B9
47,冰爪,冰爪,,对敌方精灵造成物理伤害。,2,冰,80,物攻,0.1,https://wiki.biligame.com/rocom/%E5%86%B0%E7%88%AA
48,冰荆棘,冰荆棘,,减伤70%，应对攻击：敌方冻结层数翻倍。,2,冰,,防御,,https://wiki.biligame.com/rocom/%E5%86%B0%E8%8D%86%E6%A3%98
49,冰蛋壳,冰蛋壳,S2赛季调整：&nbsp;减伤60%一70%，应对攻击:敌方获得2层减速印记,减伤70%，应对攻击：敌方获得2层减速印记。,3,冰,0,防御,0.2,https://wiki.biligame.com/rocom/%E5%86%B0%E8%9B%8B%E5%A3%B3
50,冰锋横扫,冰锋横扫,,造成魔伤，本技能威力等于敌方精灵技能总能耗的10倍。,4,冰,0,魔攻,0.1,https://wiki.biligame.com/rocom/%E5%86%B0%E9%94%8B%E6%A8%AA%E6%89%AB
51,冰锥,冰锥,,对敌方精灵造成物理伤害。,0,冰,40,物攻,0.1,https://wiki.biligame.com/rocom/%E5%86%B0%E9%94%A5
52,冰雹,冰雹,,造成物伤，应对状态：额外使敌方获得全技能能耗+3。,4,冰,105,物攻,0.1,https://wiki.biligame.com/rocom/%E5%86%B0%E9%9B%B9
53,冲击,冲击,,对敌方精灵造成物理伤害。,2,恶,80,物攻,,https://wiki.biligame.com/rocom/%E5%86%B2%E5%87%BB
54,冲撞,冲撞,,造成物伤，回合结束时，本技能能耗永久-1。,7,普通,135,物攻,0.1,https://wiki.biligame.com/rocom/%E5%86%B2%E6%92%9E
55,冷风,冷风,,对敌方精灵造成魔法伤害。,1,冰,60,魔攻,0.1,https://wiki.biligame.com/rocom/%E5%86%B7%E9%A3%8E
56,减压阀,减压阀,,主动：本技能被动永久额外+20威力，被动：两侧技能威力+10，传动1。,1,机械,0,状态,0.1,https://wiki.biligame.com/rocom/%E5%87%8F%E5%8E%8B%E9%98%80
57,击鼓传花,击鼓传花,,自己脱离，下个入场精灵继承自己增益。,3,萌,0,状态,0.1,https://wiki.biligame.com/rocom/%E5%87%BB%E9%BC%93%E4%BC%A0%E8%8A%B1
58,刺盾,刺盾,“可我们不是那种棋子。”——棋棋,减伤70%，应对攻击：敌方获得物攻-70%。,2,地,0,防御,0.1,https://wiki.biligame.com/rocom/%E5%88%BA%E7%9B%BE
59,刺藤,刺藤,,造成物伤，2连击。,3,草,45,物攻,0.1,https://wiki.biligame.com/rocom/%E5%88%BA%E8%97%A4
60,剧毒,剧毒,中毒之后，你能做的还有祈祷。,敌方获得3层中毒，应对防御：改为获得8层。,2,毒,0,状态,0.1,https://wiki.biligame.com/rocom/%E5%89%A7%E6%AF%92
61,力量吞噬,力量吞噬,,敌方获得全技能威力-20，自己获得全技能威力+20。,4,恶,0,状态,0.1,https://wiki.biligame.com/rocom/%E5%8A%9B%E9%87%8F%E5%90%9E%E5%99%AC
62,力量增效,力量增效,,自己获得物攻+100%。,1,普通,0,状态,0.1,https://wiki.biligame.com/rocom/%E5%8A%9B%E9%87%8F%E5%A2%9E%E6%95%88
63,加固,加固,,自己获得物防+140%。,2,普通,0,状态,0.1,https://wiki.biligame.com/rocom/%E5%8A%A0%E5%9B%BA
64,加大功率,加大功率,,自己脱离，替换入场的精灵回复8能量。,4,电,0,状态,0.1,https://wiki.biligame.com/rocom/%E5%8A%A0%E5%A4%A7%E5%8A%9F%E7%8E%87
65,加油,加油,它觉得自己帮不上什么忙，但每一句加油都是真心的。,自己获得1层萌芽印记。,2,萌,0,状态,0.1,https://wiki.biligame.com/rocom/%E5%8A%A0%E6%B2%B9
66,勾魂,勾魂,,偷取敌方3能量。,1,幽,0,状态,0.1,https://wiki.biligame.com/rocom/%E5%8B%BE%E9%AD%82
67,化劲,化劲,对战课临时教室：接，化，发！这都是巧劲！,自己获得全技能威力+40。,2,武,0,状态,0.1,https://wiki.biligame.com/rocom/%E5%8C%96%E5%8A%B2
68,升龙咆哮,升龙咆哮,,蓄力，对敌方造成魔法伤害。,3,龙,200,魔攻,0.1,https://wiki.biligame.com/rocom/%E5%8D%87%E9%BE%99%E5%92%86%E5%93%AE
69,午夜噪音,午夜噪音,,造成魔伤，5连击。,4,幽,20,魔攻,0.1,https://wiki.biligame.com/rocom/%E5%8D%88%E5%A4%9C%E5%99%AA%E9%9F%B3
70,压扁,压扁,如果期末魔法等级考试压垮我，那我就扁扁的躺在宿舍里。,对敌方精灵造成物理伤害。,5,普通,155,物攻,0.1,https://wiki.biligame.com/rocom/%E5%8E%8B%E6%89%81
71,双响炮,双响炮,,造成物伤，2连击。,1,火,25,物攻,0.1,https://wiki.biligame.com/rocom/%E5%8F%8C%E5%93%8D%E7%82%AE
72,双星,双星,,对敌方精灵造成物理伤害。,3,幻,100,物攻,0.1,https://wiki.biligame.com/rocom/%E5%8F%8C%E6%98%9F
73,双联脉冲,双联脉冲,,造成魔伤，迸发：本技能使用次数+1。,4,电,50,魔攻,0.1,https://wiki.biligame.com/rocom/%E5%8F%8C%E8%81%94%E8%84%89%E5%86%B2
74,反击拳,反击拳,“对决的时候，我从不说话，精灵的技能就是我的回答”。,造成物伤，2连击，若后手攻击，改为3连击。,2,武,25,物攻,0.1,https://wiki.biligame.com/rocom/%E5%8F%8D%E5%87%BB%E6%8B%B3
75,反弹,反弹,,将自己的萌化转移给敌方。,4,萌,0,状态,0.1,https://wiki.biligame.com/rocom/%E5%8F%8D%E5%BC%B9
76,取念,取念,“你的技能真好用”。,每回合随机变成敌方任意精灵的技能，且该技能能耗-2。,0,普通,0,状态,0.1,https://wiki.biligame.com/rocom/%E5%8F%96%E5%BF%B5
77,叠加态,叠加态,宇宙是无尽梦，尚未醒来的时候，什么都可能发生。,自己获得随机16层属性增益，巧变：幻系攻击技能。,1,幻,0,状态,0.1,https://wiki.biligame.com/rocom/%E5%8F%A0%E5%8A%A0%E6%80%81
78,叠势,叠势,,造成魔伤，2连击，每成功应对1次，本技能连击数永久+2。,3,武,25,魔攻,0.1,https://wiki.biligame.com/rocom/%E5%8F%A0%E5%8A%BF
79,叶绿光束,叶绿光束,,对敌方精灵造成魔法伤害。,4,草,120,魔攻,0.1,https://wiki.biligame.com/rocom/%E5%8F%B6%E7%BB%BF%E5%85%89%E6%9D%9F
80,同频,同频,和鸭吉吉聊着聊着，说话方式就变成这样了嘎。,造成魔法伤害，巧变：魔攻技能。,3,普通,125,魔攻,0.1,https://wiki.biligame.com/rocom/%E5%90%8C%E9%A2%91
81,后发制人,后发制人,,造成物理伤害，先手-1。,3,普通,155,物攻,0.1,https://wiki.biligame.com/rocom/%E5%90%8E%E5%8F%91%E5%88%B6%E4%BA%BA
82,吓退,吓退,,减伤60%，应对攻击：敌方脱离。,2,普通,0,防御,0.1,https://wiki.biligame.com/rocom/%E5%90%93%E9%80%80
83,吞噬,吞噬,,造成物伤，若使用本技能击败敌方，回复6能量。,6,普通,150,物攻,0.1,https://wiki.biligame.com/rocom/%E5%90%9E%E5%99%AC
84,吨位压制,吨位压制,,造成物伤，敌方体重越低，威力越高。,3,普通,0,物攻,0.1,https://wiki.biligame.com/rocom/%E5%90%A8%E4%BD%8D%E5%8E%8B%E5%88%B6
85,听桥,听桥,,减伤60%，应对攻击：对敌方造成物理伤害，威力与被应对技能相等。,4,武,0,防御,0.1,https://wiki.biligame.com/rocom/%E5%90%AC%E6%A1%A5
86,吹火,吹火,“不要给精灵喝太多上头水饮料！即使对战的时候有用也不行！”,造成物伤，每次使用后，本技能威力永久+20。,1,火,50,物攻,0.1,https://wiki.biligame.com/rocom/%E5%90%B9%E7%81%AB
87,吹炎,吹炎,,蓄力，造成物伤，应对状态：本次技能威力翻倍。,3,龙,170,物攻,0.1,https://wiki.biligame.com/rocom/%E5%90%B9%E7%82%8E
88,咆哮,咆哮,S2赛季调整：&nbsp;敌方获得物攻-130--60%，速度-60,敌方获得物攻-60%，速度-60。,1,普通,0,状态,0.2,https://wiki.biligame.com/rocom/%E5%92%86%E5%93%AE
89,啃咬,啃咬,轻轻咬一小口，不会痛。,造成物伤，1连击，本技能会受奉献影响，每被影响1次，能耗永久+1。,0,虫,40,物攻,0.1,https://wiki.biligame.com/rocom/%E5%95%83%E5%92%AC
90,啄击,啄击,,造成物伤，2连击。,0,翼,15,物攻,0.1,https://wiki.biligame.com/rocom/%E5%95%84%E5%87%BB
91,啮合传递,啮合传递,S2赛季调整：&nbsp;由速度+80改为速度+30，处于1号或3号位时物攻+60％改为+80％,自己获得速度+30，本技能位于1号或3号位时额外获得物攻+80%，传动1。,1,机械,0,状态,0.2,https://wiki.biligame.com/rocom/%E5%95%AE%E5%90%88%E4%BC%A0%E9%80%92
92,嗜痛,嗜痛,这愉悦的痛苦。,减伤80%，应对攻击：期间自己每次受到伤害，获得双攻+40%。,2,普通,0,防御,0.1,https://wiki.biligame.com/rocom/%E5%97%9C%E7%97%9B
93,嘲弄,嘲弄,,自己获得魔攻+90%，若敌方本回合更换精灵，自己获得速度+70。,2,幽,0,状态,0.1,https://wiki.biligame.com/rocom/%E5%98%B2%E5%BC%84
94,噬心,噬心,,对敌方精灵造成物理伤害。,1,虫,60,物攻,0.1,https://wiki.biligame.com/rocom/%E5%99%AC%E5%BF%83
95,四维降解,四维降解,,造成魔伤，敌方每有1层印记，本技能能耗-1。,7,幻,100,魔攻,0.1,https://wiki.biligame.com/rocom/%E5%9B%9B%E7%BB%B4%E9%99%8D%E8%A7%A3
96,回旋踢,回旋踢,,造成物伤，若敌方本回合更换精灵，本次技能威力翻倍。,3,武,80,物攻,0.1,https://wiki.biligame.com/rocom/%E5%9B%9E%E6%97%8B%E8%B8%A2
97,回旋风暴,回旋风暴,,对敌方精灵造成魔法伤害。,3,翼,100,魔攻,0.1,https://wiki.biligame.com/rocom/%E5%9B%9E%E6%97%8B%E9%A3%8E%E6%9A%B4
98,地刺,地刺,"“小心落石”的标语总是值得注意，但是地系部族的洛克不会提示你。


S2赛季调整：&nbsp;威力95一90，造成物伤，应对状态:额外打断被应对技能",造成物伤，应对状态：额外打断被应对技能。,3,地,90,物攻,0.2,https://wiki.biligame.com/rocom/%E5%9C%B0%E5%88%BA
99,地陷,地陷,,造成物伤，自己获得物防+70%，应对状态：本次技能威力翻倍，且物防额外+70%。,5,地,80,物攻,0.1,https://wiki.biligame.com/rocom/%E5%9C%B0%E9%99%B7
100,地震,地震,大地伸着懒腰，翻了个身。,对敌方精灵造成物理伤害。,10,地,190,物攻,0.1,https://wiki.biligame.com/rocom/%E5%9C%B0%E9%9C%87
101,坍缩,坍缩,,造成魔伤，若击败敌方，自己获得魔攻+70%。,3,幻,85,魔攻,0.1,https://wiki.biligame.com/rocom/%E5%9D%8D%E7%BC%A9
102,坟场搏击,坟场搏击,,造成物伤，敌方每有1能量，本次技能威力-10%。,4,幽,180,物攻,0.1,https://wiki.biligame.com/rocom/%E5%9D%9F%E5%9C%BA%E6%90%8F%E5%87%BB
103,垂死反击,垂死反击,,造成物伤，自己每失去5%生命，本次技能威力+5。,4,普通,80,物攻,0.1,https://wiki.biligame.com/rocom/%E5%9E%82%E6%AD%BB%E5%8F%8D%E5%87%BB
104,埋伏,埋伏,,造成魔伤，3连击，若敌方本回合更换精灵，本次技能连击数+3。,4,普通,30,魔攻,0.1,https://wiki.biligame.com/rocom/%E5%9F%8B%E4%BC%8F
105,堆雪人,堆雪人,,造成魔伤，降低敌方20%魔防。,2,冰,60,魔攻,,https://wiki.biligame.com/rocom/%E5%A0%86%E9%9B%AA%E4%BA%BA
106,增程电池,增程电池,,自己获得1层蓄电印记。,2,电,0,状态,0.1,https://wiki.biligame.com/rocom/%E5%A2%9E%E7%A8%8B%E7%94%B5%E6%B1%A0
107,壁垒,壁垒,,减伤90%，应对攻击：防御技能冷却-1。,2,地,0,防御,0.1,https://wiki.biligame.com/rocom/%E5%A3%81%E5%9E%92
108,复写,复写,,每回合随机变成自己未携带的技能，且该技能能耗-2。,0,普通,0,状态,0.1,https://wiki.biligame.com/rocom/%E5%A4%8D%E5%86%99
109,多维击打,多维击打,,造成魔伤，1连击，敌方每有1层星陨印记，本次技能连击数+1。,4,幻,15,魔攻,0.1,https://wiki.biligame.com/rocom/%E5%A4%9A%E7%BB%B4%E5%87%BB%E6%89%93
110,大爆炸,大爆炸,,对敌方精灵造成魔法伤害。,3,幻,100,魔攻,0.1,https://wiki.biligame.com/rocom/%E5%A4%A7%E7%88%86%E7%82%B8
111,天光,天光,晶石蜗的狂热研究员说，可以在这个世界上找到6种天然矿石，矿石中蕴含的魔力与相似颜色的晶石蜗十分相似。,造成魔伤，本技能系别和天气系别相同。,3,光,95,魔攻,0.1,https://wiki.biligame.com/rocom/%E5%A4%A9%E5%85%89
112,天旋地转,天旋地转,,造成物理伤害，先手+1，迸发：本次技能威力+30。,3,普通,60,物攻,0.1,https://wiki.biligame.com/rocom/%E5%A4%A9%E6%97%8B%E5%9C%B0%E8%BD%AC
113,天洪,天洪,月兔暗港最好的水手，可以让船在洪水风暴里张满帆。,造成魔伤，应对状态：本技能能耗永久-6。,7,水,150,魔攻,0.1,https://wiki.biligame.com/rocom/%E5%A4%A9%E6%B4%AA
114,天火,天火,,敌方获得10层灼烧，应对防御：改为获得30层。,3,火,0,状态,0.1,https://wiki.biligame.com/rocom/%E5%A4%A9%E7%81%AB
115,孢子,孢子,,敌方获得1层寄生。,3,草,0,状态,0.1,https://wiki.biligame.com/rocom/%E5%AD%A2%E5%AD%90
116,孢子爆散,孢子爆散,“完了，这次植物课作业又爆炸了。”,造成物伤，1连击，每次使用后，本技能连击数永久+2。,3,草,30,物攻,0.1,https://wiki.biligame.com/rocom/%E5%AD%A2%E5%AD%90%E7%88%86%E6%95%A3
117,守护咒,守护咒,老龙给幼崽念的睡前故事，谁都无法打扰它们的好梦。,减伤90%，应对攻击。巧变：龙系状态技能。,1,龙,0,防御,0.1,https://wiki.biligame.com/rocom/%E5%AE%88%E6%8A%A4%E5%92%92
118,富养化,富养化,,为场下每个精灵回复3能量。,3,草,0,状态,0.1,https://wiki.biligame.com/rocom/%E5%AF%8C%E5%85%BB%E5%8C%96
119,寒风吹,寒风吹,,造成魔伤，敌方获得魔防-50%。,3,冰,70,魔攻,0.1,https://wiki.biligame.com/rocom/%E5%AF%92%E9%A3%8E%E5%90%B9
120,寸拳,寸拳,,造成物伤，自己回复1能量。,0,武,30,物攻,0.1,https://wiki.biligame.com/rocom/%E5%AF%B8%E6%8B%B3
121,导电撞击,导电撞击,,对敌方精灵造成物理伤害。,0,电,40,物攻,0.1,https://wiki.biligame.com/rocom/%E5%AF%BC%E7%94%B5%E6%92%9E%E5%87%BB
122,小偷小摸,小偷小摸,,偷取敌方3能量。,1,幽,,状态,,https://wiki.biligame.com/rocom/%E5%B0%8F%E5%81%B7%E5%B0%8F%E6%91%B8
123,尾后针,尾后针,,对敌方精灵造成物理伤害。,2,虫,80,物攻,0.1,https://wiki.biligame.com/rocom/%E5%B0%BE%E5%90%8E%E9%92%88
124,山火,山火,火红的烈焰从地底最深处向外进发，构成了火系部族的盛大舞台。,造成物伤，每使用1次其他火系技能，本技能威力永久翻倍。,3,火,15,物攻,0.1,https://wiki.biligame.com/rocom/%E5%B1%B1%E7%81%AB
125,岩土暴击,岩土暴击,,造成物伤，每被攻击1次。本技能能耗永久-1。,8,地,140,物攻,0.1,https://wiki.biligame.com/rocom/%E5%B2%A9%E5%9C%9F%E6%9A%B4%E5%87%BB
126,岩脉崩毁,岩脉崩毁,,造成物伤，本技能能耗固定为4。,4,地,120,物攻,0.1,https://wiki.biligame.com/rocom/%E5%B2%A9%E8%84%89%E5%B4%A9%E6%AF%81
127,崩拳,崩拳,崩的是对方的架势，合的是破招的美学。,造成物伤，应对状态：自己获得物攻+100%。,2,武,65,物攻,0.1,https://wiki.biligame.com/rocom/%E5%B4%A9%E6%8B%B3
128,幻象,幻象,,对敌方精灵造成物理伤害。,1,幽,60,物攻,0.1,https://wiki.biligame.com/rocom/%E5%B9%BB%E8%B1%A1
129,幼态延续,幼态延续,,造成魔伤，自身拥有萌化时威力+60。,4,萌,90,魔攻,,https://wiki.biligame.com/rocom/%E5%B9%BC%E6%80%81%E5%BB%B6%E7%BB%AD
130,幽灵爆发,幽灵爆发,,对敌方精灵造成魔法伤害。,5,幽,140,魔攻,0.1,https://wiki.biligame.com/rocom/%E5%B9%BD%E7%81%B5%E7%88%86%E5%8F%91
131,应激反应,应激反应,,自己回复25%生命，应对防御：改为回复50%生命。,2,普通,0,状态,0.1,https://wiki.biligame.com/rocom/%E5%BA%94%E6%BF%80%E5%8F%8D%E5%BA%94
132,引燃,引燃,,敌方获得10层灼烧。,2,火,0,状态,0.1,https://wiki.biligame.com/rocom/%E5%BC%95%E7%87%83
133,引雷,引雷,,造成魔伤，2连击，迸发：本次技能威力+20。,3,电,35,魔攻,0.1,https://wiki.biligame.com/rocom/%E5%BC%95%E9%9B%B7
134,强制重启,强制重启,,造成魔伤，应对状态：回合结束时使敌方精灵返场。,3,电,90,魔攻,,https://wiki.biligame.com/rocom/%E5%BC%BA%E5%88%B6%E9%87%8D%E5%90%AF
135,当头棒喝,当头棒喝,,造成物伤，若敌方本回合更换精灵，本次技能威力+100。,3,普通,80,物攻,0.1,https://wiki.biligame.com/rocom/%E5%BD%93%E5%A4%B4%E6%A3%92%E5%96%9D
136,彗星,彗星,生命应邀成为愿望的燃料。,造成魔伤，每失去5%生命，本次技能威力-10，使用后消耗全部生命。,0,普通,240,魔攻,0.1,https://wiki.biligame.com/rocom/%E5%BD%97%E6%98%9F
137,影袭,影袭,,对敌方精灵造成物理伤害。,3,武,100,物攻,0.1,https://wiki.biligame.com/rocom/%E5%BD%B1%E8%A2%AD
138,彼岸之手,彼岸之手,,造成物伤，自己每失去10%生命，本技能能耗-1。,10,恶,150,物攻,0.1,https://wiki.biligame.com/rocom/%E5%BD%BC%E5%B2%B8%E4%B9%8B%E6%89%8B
139,徒长,徒长,只要能活下来，不论用什么手段.....,自己回复10能量。,2,草,0,状态,0.1,https://wiki.biligame.com/rocom/%E5%BE%92%E9%95%BF
140,微型斥候,微型斥候,正在评估——【威胁等级】，嘀嗒，威胁等级评估为——【极高】，判断小洛克需要被保护，正在提高本技能威力。,造成魔伤，自己每受到一次抵抗伤害，本技能威力永久+20。,3,机械,75,魔攻,0.1,https://wiki.biligame.com/rocom/%E5%BE%AE%E5%9E%8B%E6%96%A5%E5%80%99
141,心灵洞悉,心灵洞悉,,敌方获得星陨印记，获得层数等于敌方印记层数。,7,幻,0,状态,0.1,https://wiki.biligame.com/rocom/%E5%BF%83%E7%81%B5%E6%B4%9E%E6%82%89
142,快速移动,快速移动,,自己获得速度+80，应对防御：改为速度+160。,1,普通,0,状态,0.1,https://wiki.biligame.com/rocom/%E5%BF%AB%E9%80%9F%E7%A7%BB%E5%8A%A8
143,念力膨胀,念力膨胀,,对敌方精灵造成物理伤害。,2,幻,80,物攻,0.1,https://wiki.biligame.com/rocom/%E5%BF%B5%E5%8A%9B%E8%86%A8%E8%83%80
144,怒火,怒火,,自己获得双攻+120%和双防-40%。,1,火,0,状态,0.1,https://wiki.biligame.com/rocom/%E6%80%92%E7%81%AB
145,怨力打击,怨力打击,必将加倍奉还。,蓄力，造成魔伤，若蓄力期间受到攻击，本技能威力变为敌方技能威力的3倍。,3,龙,1,魔攻,0.1,https://wiki.biligame.com/rocom/%E6%80%A8%E5%8A%9B%E6%89%93%E5%87%BB
146,恐吓,恐吓,,对敌方精灵造成魔法伤害。,2,幽,80,魔攻,0.1,https://wiki.biligame.com/rocom/%E6%81%90%E5%90%93
147,恶作剧,恶作剧,,敌方失去3能量，应对防御：改为敌方失去6能量。,1,幽,0,状态,0.1,https://wiki.biligame.com/rocom/%E6%81%B6%E4%BD%9C%E5%89%A7
148,恶念交换,恶念交换,,与敌方交换生命比例。,4,恶,0,状态,0.1,https://wiki.biligame.com/rocom/%E6%81%B6%E5%BF%B5%E4%BA%A4%E6%8D%A2
149,恶意逃离,恶意逃离,,脱离，应对防御：额外使敌方攻击技能能耗+4。,1,恶,0,状态,0.1,https://wiki.biligame.com/rocom/%E6%81%B6%E6%84%8F%E9%80%83%E7%A6%BB
150,恶能量,恶能量,,对敌方精灵造成物理伤害。,1,恶,60,物攻,0.1,https://wiki.biligame.com/rocom/%E6%81%B6%E8%83%BD%E9%87%8F
151,惊吓盒子,惊吓盒子,,造成物伤，应对状态：使敌方失去6能量。,3,幽,80,物攻,0.1,https://wiki.biligame.com/rocom/%E6%83%8A%E5%90%93%E7%9B%92%E5%AD%90
152,感染病,感染病,S2赛季调整：&nbsp;威力85一110，造成魔伤，若击败敌方则将中毒转化为中毒印记,造成魔伤，若击败敌方则将中毒转化为中毒印记。,4,毒,110,魔攻,0.2,https://wiki.biligame.com/rocom/%E6%84%9F%E6%9F%93%E7%97%85
153,感电,感电,,造成魔伤，每离场1次，本技能使用次数永久+1。,2,电,60,魔攻,0.1,https://wiki.biligame.com/rocom/%E6%84%9F%E7%94%B5
154,截拳,截拳,S2赛季调整：&nbsp;威力90一85，造成物伤，应对状态:额外造成打断，回复该技能能耗的能量,造成物伤，应对状态：额外造成打断，回复该技能能耗的能量。,3,武,85,物攻,0.2,https://wiki.biligame.com/rocom/%E6%88%AA%E6%8B%B3
155,扇风,扇风,,造成物伤，若先于敌方攻击，本次技能威力+50%。,3,翼,75,物攻,0.1,https://wiki.biligame.com/rocom/%E6%89%87%E9%A3%8E
156,打湿,打湿,海风在这里留下未成熟的盐。,自己获得1层湿润印记。,4,水,0,状态,0.1,https://wiki.biligame.com/rocom/%E6%89%93%E6%B9%BF
157,打雪仗,打雪仗,,造成魔伤，2连击。,3,冰,45,魔攻,0.1,https://wiki.biligame.com/rocom/%E6%89%93%E9%9B%AA%E4%BB%97
158,打鼾,打鼾,星星都被吵到失眠。,对敌方精灵造成魔法伤害。,6,普通,165,魔攻,0.1,https://wiki.biligame.com/rocom/%E6%89%93%E9%BC%BE
159,扫尾,扫尾,注意：当看到尾巴扫过来的时候，请记得起跳，像跳绳那样。,对敌方精灵造成物理伤害。,2,普通,90,物攻,0.1,https://wiki.biligame.com/rocom/%E6%89%AB%E5%B0%BE
160,扬沙,扬沙,,对敌方精灵造成物理伤害。,1,地,60,物攻,0.1,https://wiki.biligame.com/rocom/%E6%89%AC%E6%B2%99
161,技巧打击,技巧打击,,造成物伤，应对状态：本次技能威力变为10倍。,2,武,35,物攻,0.1,https://wiki.biligame.com/rocom/%E6%8A%80%E5%B7%A7%E6%89%93%E5%87%BB
162,抓挠,抓挠,,造成物伤，自己回复1能量。,0,普通,35,物攻,0.1,https://wiki.biligame.com/rocom/%E6%8A%93%E6%8C%A0
163,折射,折射,"24px|link=地系：对手-40速度,-2连击&nbsp;24px|link=普通：技能威力+10&nbsp;24px|link=机械：物防+30％
24px|link=草系：回复生命15％&nbsp;24px|link=火系：对手+4层灼烧&nbsp;24px|link=冰系：对手+2层冻结
24px|link=毒系：对手+2层中毒&nbsp;24px|link=虫系：对手-40%物防&nbsp;24px|link=龙系：对手-40%魔防
24px|link=翼系：连击+1&nbsp;24px|link=水系：全技能能耗-1&nbsp;24px|link=武系：物攻+30％
24px|link=光系：魔攻+30％&nbsp;24px|link=幻系：对手+1层星陨印记&nbsp;24px|link=幽系：对手-2点能量
24px|link=恶系：吸血+30%&nbsp;24px|link=电系：速度+20&nbsp;24px|link=萌系：对手-30%双攻",造成魔伤，携带其他系别技能会给本技能带来不同效果。,4,光,50,魔攻,,https://wiki.biligame.com/rocom/%E6%8A%98%E5%B0%84
164,折线冲击,折线冲击,,对敌方精灵造成物理伤害。,2,光,80,物攻,0.1,https://wiki.biligame.com/rocom/%E6%8A%98%E7%BA%BF%E5%86%B2%E5%87%BB
165,抛石,抛石,,造成物伤，回合结束时，本技能能耗永久-5。,30,地,140,物攻,0.1,https://wiki.biligame.com/rocom/%E6%8A%9B%E7%9F%B3
166,报复,报复,,减伤70%，应对攻击：敌方失去3能量。,2,幽,0,防御,0.1,https://wiki.biligame.com/rocom/%E6%8A%A5%E5%A4%8D
167,抽枝,抽枝,,造成物伤，应对状态：自己回复50%生命和5能量。,4,草,90,物攻,0.1,https://wiki.biligame.com/rocom/%E6%8A%BD%E6%9E%9D
168,拆卸,拆卸,,对敌方精灵造成物理伤害。,0,机械,40,物攻,0.1,https://wiki.biligame.com/rocom/%E6%8B%86%E5%8D%B8
169,拍击,拍击,,对敌方精灵造成魔法伤害。,1,普通,65,魔攻,0.1,https://wiki.biligame.com/rocom/%E6%8B%8D%E5%87%BB
170,持续高温,持续高温,,造成魔伤，应对状态：下次攻击技能威力翻倍。,2,火,70,魔攻,0.1,https://wiki.biligame.com/rocom/%E6%8C%81%E7%BB%AD%E9%AB%98%E6%B8%A9
171,指指点点,指指点点,杀伤力不大，但......,造成物伤，10连击。,10,普通,5,物攻,,https://wiki.biligame.com/rocom/%E6%8C%87%E6%8C%87%E7%82%B9%E7%82%B9
172,捆缚,捆缚,,敌方获得2层中毒，获得1次奉献：敌方获得2层中毒。,2,虫,0,状态,0.1,https://wiki.biligame.com/rocom/%E6%8D%86%E7%BC%9A
173,捧杀,捧杀,,减伤90%，应对攻击：敌方获得1层萌化。,4,萌,0,防御,0.1,https://wiki.biligame.com/rocom/%E6%8D%A7%E6%9D%80
174,排气,排气,,敌方获得全技能威力-20，若自己受到抵抗伤害，敌方额外获得全技能威力-20，使用后重置,2,机械,0,状态,0.1,https://wiki.biligame.com/rocom/%E6%8E%92%E6%B0%94
175,掠夺,掠夺,,对敌方精灵造成魔法伤害。,1,恶,60,魔攻,0.1,https://wiki.biligame.com/rocom/%E6%8E%A0%E5%A4%BA
176,掩护,掩护,,减伤70%，紧急脱离，应对攻击：下个入场精灵获得减伤。,2,虫,0,防御,0.1,https://wiki.biligame.com/rocom/%E6%8E%A9%E6%8A%A4
177,提气,提气,,自己获得全技能威力+40，若敌方本回合更换精灵，额外获得威力+50。,4,武,0,状态,0.1,https://wiki.biligame.com/rocom/%E6%8F%90%E6%B0%94
178,摇篮曲,摇篮曲,,敌方获得全技能能耗+3，应对防御：额外造成打断，且敌方下回合获得眩晕。,5,普通,0,状态,0.1,https://wiki.biligame.com/rocom/%E6%91%87%E7%AF%AE%E6%9B%B2
179,撒娇,撒娇,,造成魔伤，3连击。自己获得萌化：威力永久+20。,3,萌,30,魔攻,0.1,https://wiki.biligame.com/rocom/%E6%92%92%E5%A8%87
180,撕咬,撕咬,,造成物伤，3连击，若自己的生命低于50%，本次技能连击数+2。,3,恶,30,物攻,0.1,https://wiki.biligame.com/rocom/%E6%92%95%E5%92%AC
181,撕裂,撕裂,,造成物伤，应对状态：本次攻击吸血100%。,3,恶,85,物攻,0.1,https://wiki.biligame.com/rocom/%E6%92%95%E8%A3%82
182,撞鬼,撞鬼,走廊尽头明明什么都没有，鼻子却撞到了毛绒绒的东西。,对敌方精灵造成物理伤害。,4,幽,120,物攻,0.1,https://wiki.biligame.com/rocom/%E6%92%9E%E9%AC%BC
183,操控,操控,一个圆圆的机关装置，精灵站上去之后，会发出“吃饭！”“快点！”的声音。,敌方本回合使用的技能能耗+7，持续3回合。,1,普通,0,状态,0.1,https://wiki.biligame.com/rocom/%E6%93%8D%E6%8E%A7
184,放晴,放晴,光系研究员的最高杰作——让光最终的归处，与自然融为一体，变成晴天。,光系技能威力永久+50%，应对防御：改为永久+100%。,0,光,0,状态,0.1,https://wiki.biligame.com/rocom/%E6%94%BE%E6%99%B4
185,散手,散手,对战课的某个老师，认为精灵对战存在一种美学，来自对手之间默契的喂招和破招。,造成物伤，2连击，应对状态：本技能改为6连击。,3,武,35,物攻,0.1,https://wiki.biligame.com/rocom/%E6%95%A3%E6%89%8B
186,斩断,斩断,S2赛季调整：&nbsp;威力75一70，造成物伤，应对状态:额外打断被应对技能,造成物伤，应对状态：额外打断被应对技能。,2,武,70,物攻,0.2,https://wiki.biligame.com/rocom/%E6%96%A9%E6%96%AD
187,旋转突击,旋转突击,优雅的精灵，在此献上它的舞蹈。,造成物伤，3连击。,3,普通,35,物攻,0.1,https://wiki.biligame.com/rocom/%E6%97%8B%E8%BD%AC%E7%AA%81%E5%87%BB
188,无影脚,无影脚,,造成物伤，应对状态：本次技能威力变为2倍。,3,武,85,物攻,0.1,https://wiki.biligame.com/rocom/%E6%97%A0%E5%BD%B1%E8%84%9A
189,无畏之心,无畏之心,这使你的精灵充满了决心。,减伤100%，应对攻击：减免的伤害变为回复自己生命，且本技能能耗永久+2。,5,普通,0,防御,0.1,https://wiki.biligame.com/rocom/%E6%97%A0%E7%95%8F%E4%B9%8B%E5%BF%83
190,易燃物质,易燃物质,认识这些东西吗？他们是让蛮兽们落荒而逃的恐怖物质。,造成魔伤，2连击，每次连击使敌方获得2层灼烧。,3,火,30,魔攻,0.1,https://wiki.biligame.com/rocom/%E6%98%93%E7%87%83%E7%89%A9%E8%B4%A8
191,星云漩涡,星云漩涡,,对敌方精灵造成物理伤害。,1,幻,60,物攻,0.1,https://wiki.biligame.com/rocom/%E6%98%9F%E4%BA%91%E6%BC%A9%E6%B6%A1
192,星星撞击,星星撞击,,对敌方精灵造成魔法伤害。,2,普通,90,魔攻,0.1,https://wiki.biligame.com/rocom/%E6%98%9F%E6%98%9F%E6%92%9E%E5%87%BB
193,星轨裂变,星轨裂变,,敌方获得2层星陨印记。,1,幻,0,状态,0.1,https://wiki.biligame.com/rocom/%E6%98%9F%E8%BD%A8%E8%A3%82%E5%8F%98
194,星链,星链,,2连击，每次连击使敌方获得1层星陨印记。,3,幻,0,状态,0.1,https://wiki.biligame.com/rocom/%E6%98%9F%E9%93%BE
195,晒太阳,晒太阳,,驱散敌方所有增益。,1,普通,0,状态,0.1,https://wiki.biligame.com/rocom/%E6%99%92%E5%A4%AA%E9%98%B3
196,暗突袭,暗突袭,,造成物伤，吸血50%，应对状态：本次技能威力翻倍。,4,恶,70,物攻,0.1,https://wiki.biligame.com/rocom/%E6%9A%97%E7%AA%81%E8%A2%AD
197,暗箱操作,暗箱操作,,自己获得双攻和双防-100%，应对防御：改为敌方获得双攻和双防-100%。,1,恶,0,状态,0.1,https://wiki.biligame.com/rocom/%E6%9A%97%E7%AE%B1%E6%93%8D%E4%BD%9C
198,暴风眼,暴风眼,,行动时连击数+100%。,2,翼,0,状态,0.1,https://wiki.biligame.com/rocom/%E6%9A%B4%E9%A3%8E%E7%9C%BC
199,暴风雪,暴风雪,,造成物伤，敌方获得1层冻结。,3,冰,85,物攻,0.1,https://wiki.biligame.com/rocom/%E6%9A%B4%E9%A3%8E%E9%9B%AA
200,月光合奏,月光合奏,,造成物伤，1连击，双方携带的所有精灵每有1层萌化，本次技能连击数+1。,3,萌,30,物攻,0.1,https://wiki.biligame.com/rocom/%E6%9C%88%E5%85%89%E5%90%88%E5%A5%8F
201,有效预防,有效预防,,减伤50%，应对攻击：下一次行动获得先手+1。,1,普通,0,防御,0.1,https://wiki.biligame.com/rocom/%E6%9C%89%E6%95%88%E9%A2%84%E9%98%B2
202,杂耍,杂耍,,造成魔伤，巧变：吸血相关技能。,3,恶,115,魔攻,0.1,https://wiki.biligame.com/rocom/%E6%9D%82%E8%80%8D
203,杠杆置换,杠杆置换,,自己回复2能量，交换两侧技能位置。,0,机械,0,状态,0.1,https://wiki.biligame.com/rocom/%E6%9D%A0%E6%9D%86%E7%BD%AE%E6%8D%A2
204,极寒领域,极寒领域,“雪人里面怎么有人啊！”,造成魔伤，若敌方有冻结，本次技能威力+60，应对状态：使冻结翻倍。,6,冰,105,魔攻,0.1,https://wiki.biligame.com/rocom/%E6%9E%81%E5%AF%92%E9%A2%86%E5%9F%9F
205,极速冷冻,极速冷冻,,本回合敌方释放的技能能耗+2，应对防御：能耗+4。,2,冰,,状态,,https://wiki.biligame.com/rocom/%E6%9E%81%E9%80%9F%E5%86%B7%E5%86%BB
206,极限撕裂,极限撕裂,,造成物伤，若生命高于50%，使用后自己获得双攻-50%。,4,恶,135,物攻,0.1,https://wiki.biligame.com/rocom/%E6%9E%81%E9%99%90%E6%92%95%E8%A3%82
207,架势,架势,“对上眼神就放马过来吧，放别的过来也可以。”,自己回复20%生命，下次技能无需蓄力。,2,龙,0,状态,0.1,https://wiki.biligame.com/rocom/%E6%9E%B6%E5%8A%BF
208,柔弱,柔弱,,获得萌化，降低敌方70%物攻和物防。,1,萌,,状态,,https://wiki.biligame.com/rocom/%E6%9F%94%E5%BC%B1
209,根吸收,根吸收,,自己回复15%生命和4能量。,2,草,0,状态,0.1,https://wiki.biligame.com/rocom/%E6%A0%B9%E5%90%B8%E6%94%B6
210,栽赃,栽赃,,对敌方精灵造成魔法伤害。,6,恶,150,魔攻,0.1,https://wiki.biligame.com/rocom/%E6%A0%BD%E8%B5%83
211,械斗,械斗,,造成物伤，本技能位于1号位时威力+60，传动1。,1,机械,45,物攻,0.1,https://wiki.biligame.com/rocom/%E6%A2%B0%E6%96%97
212,棘刺,棘刺,,敌方获得1层棘刺印记。,2,普通,0,状态,0.1,https://wiki.biligame.com/rocom/%E6%A3%98%E5%88%BA
213,棘突,棘突,,对敌方精灵造成魔法伤害。,3,草,100,魔攻,0.1,https://wiki.biligame.com/rocom/%E6%A3%98%E7%AA%81
214,横纵斩,横纵斩,,造成魔伤，2连击。,2,恶,25,魔攻,,https://wiki.biligame.com/rocom/%E6%A8%AA%E7%BA%B5%E6%96%A9
215,欺诈契约,欺诈契约,,与敌方交换增益和减益。,3,恶,0,状态,0.1,https://wiki.biligame.com/rocom/%E6%AC%BA%E8%AF%88%E5%A5%91%E7%BA%A6
216,毒囊,毒囊,,造成物伤，敌方获得2层中毒，应对状态：改为获得6层。,2,毒,25,物攻,0.1,https://wiki.biligame.com/rocom/%E6%AF%92%E5%9B%8A
217,毒孢子,毒孢子,,敌方获得5层中毒。,3,毒,0,状态,0.1,https://wiki.biligame.com/rocom/%E6%AF%92%E5%AD%A2%E5%AD%90
218,毒沼,毒沼,,对敌方精灵造成物理伤害。,2,毒,80,物攻,0.1,https://wiki.biligame.com/rocom/%E6%AF%92%E6%B2%BC
219,毒泡泡,毒泡泡,,对敌方精灵造成魔法伤害。,0,毒,40,魔攻,0.1,https://wiki.biligame.com/rocom/%E6%AF%92%E6%B3%A1%E6%B3%A1
220,毒液渗透,毒液渗透,在空气和水中蔓延扩散，直到整个王国的尽头，察觉到的时候往往为时已晚。,造成魔伤，敌方每有1层中毒效果，本技能能耗-1，敌方获得1层中毒。,5,毒,120,魔攻,0.1,https://wiki.biligame.com/rocom/%E6%AF%92%E6%B6%B2%E6%B8%97%E9%80%8F
221,毒针,毒针,,造成物伤，敌方获得1层中毒。,0,毒,20,物攻,0.1,https://wiki.biligame.com/rocom/%E6%AF%92%E9%92%88
222,毒雾,毒雾,紫雀花迷雾下签订的契约。,将敌方所有增益，转化成中毒。,7,毒,0,状态,0.1,https://wiki.biligame.com/rocom/%E6%AF%92%E9%9B%BE
223,气势一击,气势一击,,造成物伤，若上回合应对成功，本次技能威力+180。,3,普通,80,物攻,0.1,https://wiki.biligame.com/rocom/%E6%B0%94%E5%8A%BF%E4%B8%80%E5%87%BB
224,气沉丹田,气沉丹田,,自己回复60%生命，获得物攻+130%，每次应对后本技能能耗-3，使用后能耗重置。,10,武,0,状态,0.1,https://wiki.biligame.com/rocom/%E6%B0%94%E6%B2%89%E4%B8%B9%E7%94%B0
225,气泡,气泡,,对敌方精灵造成魔法伤害。,3,水,100,魔攻,0.1,https://wiki.biligame.com/rocom/%E6%B0%94%E6%B3%A1
226,气波,气波,,对敌方精灵造成魔法伤害。,0,武,40,魔攻,0.1,https://wiki.biligame.com/rocom/%E6%B0%94%E6%B3%A2
227,氧输送,氧输送,,自己回复4能量，并获得魔攻+70%。,2,草,0,状态,0.1,https://wiki.biligame.com/rocom/%E6%B0%A7%E8%BE%93%E9%80%81
228,水光冲击,水光冲击,,对敌方精灵造成魔法伤害。,5,水,140,魔攻,0.1,https://wiki.biligame.com/rocom/%E6%B0%B4%E5%85%89%E5%86%B2%E5%87%BB
229,水刃,水刃,"把深海最硬的一截浪，削成无声的小刀。


S2赛季调整：&nbsp;造成物伤，应对状态：本技能能耗永久-4改为-3",造成物伤，应对状态：本技能能耗永久-3。,4,水,115,物攻,0.2,https://wiki.biligame.com/rocom/%E6%B0%B4%E5%88%83
230,水幕冲击,水幕冲击,,对敌方精灵造成物理伤害。,3,水,100,物攻,0.1,https://wiki.biligame.com/rocom/%E6%B0%B4%E5%B9%95%E5%86%B2%E5%87%BB
231,水弹,水弹,,对敌方精灵造成魔法伤害。,0,水,40,魔攻,0.1,https://wiki.biligame.com/rocom/%E6%B0%B4%E5%BC%B9
232,水弹枪,水弹枪,,对敌方精灵造成魔法伤害。,2,水,80,魔攻,0.1,https://wiki.biligame.com/rocom/%E6%B0%B4%E5%BC%B9%E6%9E%AA
233,水星水,水星水,,造成魔伤，应对状态：本次伤害不受自身属性减益和敌方属性增益影响,3,水,0,魔攻,,https://wiki.biligame.com/rocom/%E6%B0%B4%E6%98%9F%E6%B0%B4
234,水泡盾,水泡盾,,减伤80%，应对攻击：自己获得魔攻+70%。,2,水,0,防御,0.1,https://wiki.biligame.com/rocom/%E6%B0%B4%E6%B3%A1%E7%9B%BE
235,水波术,水波术,,造成魔伤，回合结束时，本技能威力永久+20。,6,水,90,魔攻,0.1,https://wiki.biligame.com/rocom/%E6%B0%B4%E6%B3%A2%E6%9C%AF
236,水炮,水炮,,造成魔伤，每次使用后，本技能能耗永久-1。,5,水,110,魔攻,0.1,https://wiki.biligame.com/rocom/%E6%B0%B4%E7%82%AE
237,水环,水环,,减伤60%，应对攻击：自己获得全技能能耗-2。,2,水,0,防御,0.1,https://wiki.biligame.com/rocom/%E6%B0%B4%E7%8E%AF
238,水花四溅,水花四溅,咕嘟咕嘟浅滩的温泉里不可以跳水哦。,造成魔伤，4连击。,3,水,20,魔攻,0.1,https://wiki.biligame.com/rocom/%E6%B0%B4%E8%8A%B1%E5%9B%9B%E6%BA%85
239,求雨,求雨,,将天气变为雨天，本技能能耗降低效果收益翻倍。,8,水,,状态,,https://wiki.biligame.com/rocom/%E6%B1%82%E9%9B%A8
240,汲取,汲取,,造成魔伤，并吸血100%。,1,草,30,魔攻,0.1,https://wiki.biligame.com/rocom/%E6%B1%B2%E5%8F%96
241,沙涌,沙涌,,将天气改为沙暴，持续8回合。,7,地,0,状态,0.1,https://wiki.biligame.com/rocom/%E6%B2%99%E6%B6%8C
242,泡沫,泡沫,白的，轻的，易碎的。,对敌方精灵造成物理伤害。,1,水,60,物攻,0.1,https://wiki.biligame.com/rocom/%E6%B3%A1%E6%B2%AB
243,泡沫幻影,泡沫幻影,应作如是观。,减伤80%，应对攻击：自己脱离。,2,水,0,防御,0.1,https://wiki.biligame.com/rocom/%E6%B3%A1%E6%B2%AB%E5%B9%BB%E5%BD%B1
244,泥巴喷射,泥巴喷射,,对敌方精灵造成魔法伤害。,1,地,60,魔攻,0.1,https://wiki.biligame.com/rocom/%E6%B3%A5%E5%B7%B4%E5%96%B7%E5%B0%84
245,泥浆,泥浆,,对敌方精灵造成魔法伤害。,0,地,40,魔攻,0.1,https://wiki.biligame.com/rocom/%E6%B3%A5%E6%B5%86
246,泥浆铠甲,泥浆铠甲,即使地底蛮兽也不曾让他们退缩。,自己获得物攻和物防+60%，应对防御：额外使自己的增益翻倍。,2,地,0,状态,0.1,https://wiki.biligame.com/rocom/%E6%B3%A5%E6%B5%86%E9%93%A0%E7%94%B2
247,洗礼,洗礼,,驱散自己的减益，并获得全技能能耗-1。,1,水,0,状态,0.1,https://wiki.biligame.com/rocom/%E6%B4%97%E7%A4%BC
248,流星火雨,流星火雨,传说以心脏为代价，可以和流星签订契约，使用流星的力量。,造成物伤，每次击败敌方，本技能威力永久+75。,3,火,75,物攻,0.1,https://wiki.biligame.com/rocom/%E6%B5%81%E6%98%9F%E7%81%AB%E9%9B%A8
249,流沙,流沙,,敌方3回合无法更换精灵，应对防御：敌方获得双防-60%。,2,地,0,状态,0.1,https://wiki.biligame.com/rocom/%E6%B5%81%E6%B2%99
250,流火,流火,,造成魔伤，3连击。,1,火,15,魔攻,0.1,https://wiki.biligame.com/rocom/%E6%B5%81%E7%81%AB
251,消毒法,消毒法,,造成魔伤，驱散敌方5层增益。,4,普通,115,魔攻,0.1,https://wiki.biligame.com/rocom/%E6%B6%88%E6%AF%92%E6%B3%95
252,涌泉,涌泉,S2赛季调整：&nbsp;威力60一90，造成魔伤，本技能能耗每-1，威力+10,造成魔伤，本技能能耗每-1，威力+10。,6,水,90,魔攻,0.2,https://wiki.biligame.com/rocom/%E6%B6%8C%E6%B3%89
253,润泽,润泽,水就挨着陆地，摸到水就摸到了世界的尽头。,自己获得魔攻+190%。,7,水,0,状态,0.1,https://wiki.biligame.com/rocom/%E6%B6%A6%E6%B3%BD
254,淤泥表皮,淤泥表皮,,减伤80%，应对攻击：敌方获得连击数-3。,2,地,0,防御,0.1,https://wiki.biligame.com/rocom/%E6%B7%A4%E6%B3%A5%E8%A1%A8%E7%9A%AE
255,淬火,淬火,S2赛季调整：&nbsp;技能能耗4一2，减伤80%，应对攻击:下次攻击技能威力翻倍,减伤80%，应对攻击：下次攻击技能威力翻倍。,2,火,0,防御,0.2,https://wiki.biligame.com/rocom/%E6%B7%AC%E7%81%AB
256,清洗,清洗,把「不开心」放在这里吧，我帮你带到很远很远的海里去。,驱散自己的减益，自己每有1层减益，本技能能耗-1，巧变：水系攻击技能。,0,水,0,状态,0.1,https://wiki.biligame.com/rocom/%E6%B8%85%E6%B4%97
257,湮灭,湮灭,,对敌方精灵造成魔法伤害。,5,普通,155,魔攻,0.1,https://wiki.biligame.com/rocom/%E6%B9%AE%E7%81%AD
258,溃烂触碰,溃烂触碰,,对敌方精灵造成物理伤害。,1,毒,60,物攻,0.1,https://wiki.biligame.com/rocom/%E6%BA%83%E7%83%82%E8%A7%A6%E7%A2%B0
259,滚雪球,滚雪球,,造成物伤，敌方获得2层冻结，应对状态：额外获得2层，本次技能威力翻倍。,3,冰,55,物攻,0.1,https://wiki.biligame.com/rocom/%E6%BB%9A%E9%9B%AA%E7%90%83
260,漫反射,漫反射,,每种系别中的至多1个技能，威力+35。,1,光,0,状态,0.1,https://wiki.biligame.com/rocom/%E6%BC%AB%E5%8F%8D%E5%B0%84
261,潮汐,潮汐,,减伤60%，应对攻击：自己获得1层湿润印记。,4,水,0,防御,0.1,https://wiki.biligame.com/rocom/%E6%BD%AE%E6%B1%90
262,潮涌,潮涌,,对敌方精灵造成物理伤害。,2,水,80,物攻,0.1,https://wiki.biligame.com/rocom/%E6%BD%AE%E6%B6%8C
263,激怒,激怒,,敌方除本回合使用的技能，其他技能能耗+3，持续3回合。,3,普通,0,状态,0.1,https://wiki.biligame.com/rocom/%E6%BF%80%E6%80%92
264,激流,激流,,对敌方精灵造成魔法伤害。,4,水,120,魔攻,0.1,https://wiki.biligame.com/rocom/%E6%BF%80%E6%B5%81
265,火云车,火云车,,对敌方精灵造成物理伤害。,5,火,140,物攻,0.1,https://wiki.biligame.com/rocom/%E7%81%AB%E4%BA%91%E8%BD%A6
266,火焰冲锋,火焰冲锋,,对敌方精灵造成物理伤害。,1,火,60,物攻,0.1,https://wiki.biligame.com/rocom/%E7%81%AB%E7%84%B0%E5%86%B2%E9%94%8B
267,火焰切割,火焰切割,,对敌方精灵造成物理伤害。,3,火,100,物攻,0.1,https://wiki.biligame.com/rocom/%E7%81%AB%E7%84%B0%E5%88%87%E5%89%B2
268,火焰护盾,火焰护盾,,减伤70%，应对攻击：敌方获得6层灼烧。,2,火,0,防御,0.1,https://wiki.biligame.com/rocom/%E7%81%AB%E7%84%B0%E6%8A%A4%E7%9B%BE
269,火焰箭,火焰箭,,对敌方精灵造成物理伤害。,2,火,80,物攻,0.1,https://wiki.biligame.com/rocom/%E7%81%AB%E7%84%B0%E7%AE%AD
270,火爪,火爪,,对敌方精灵造成魔法伤害。,1,火,60,魔攻,0.1,https://wiki.biligame.com/rocom/%E7%81%AB%E7%88%AA
271,火苗,火苗,,造成物伤，自己回复1能量。,0,火,30,物攻,0.1,https://wiki.biligame.com/rocom/%E7%81%AB%E8%8B%97
272,灵光,灵光,,造成魔伤，3连击，若敌方本回合更换精灵，本次技能连击数翻倍。,3,幽,25,魔攻,0.1,https://wiki.biligame.com/rocom/%E7%81%B5%E5%85%89
273,灵媒,灵媒,,对敌方精灵造成魔法伤害。,3,幽,100,魔攻,0.1,https://wiki.biligame.com/rocom/%E7%81%B5%E5%AA%92
274,灼伤,灼伤,,对敌方精灵造成物理伤害。,4,火,120,物攻,0.1,https://wiki.biligame.com/rocom/%E7%81%BC%E4%BC%A4
275,灾厄,灾厄,S2赛季调整：&nbsp;对自己造成150一60威力物伤，应对状态:改为对敌方造成150-180威力物伤,对自己造成物伤，应对状态：改为对敌方造成180威力物伤。,1,恶,60,物攻,0.2,https://wiki.biligame.com/rocom/%E7%81%BE%E5%8E%84
276,炎息,炎息,,对敌方精灵造成物理伤害。,0,火,40,物攻,0.1,https://wiki.biligame.com/rocom/%E7%82%8E%E6%81%AF
277,炎打,炎打,进攻是最好的防守。,造成高额魔法伤害，自己获得物防-40%。,2,火,95,魔攻,0.1,https://wiki.biligame.com/rocom/%E7%82%8E%E6%89%93
278,炎枪,炎枪,“前锋听令——扬焚旗之矛，贯敌方于焦土，火族永不燃尽。”,对敌方精灵造成魔法伤害。,3,火,100,魔攻,0.1,https://wiki.biligame.com/rocom/%E7%82%8E%E6%9E%AA
279,炎爆术,炎爆术,,将敌方印记转换为三倍的灼烧层数。,2,火,,状态,,https://wiki.biligame.com/rocom/%E7%82%8E%E7%88%86%E6%9C%AF
280,炙热波动,炙热波动,,造成魔伤，敌方获得4层灼烧，应对状态：本次技能威力和赋予灼烧翻倍。,3,火,55,魔攻,0.1,https://wiki.biligame.com/rocom/%E7%82%99%E7%83%AD%E6%B3%A2%E5%8A%A8
281,烈焰风暴,烈焰风暴,,造成魔伤，敌方获得6层灼烧。,4,火,75,魔攻,0.1,https://wiki.biligame.com/rocom/%E7%83%88%E7%84%B0%E9%A3%8E%E6%9A%B4
282,热气,热气,,对敌方精灵造成魔法伤害。,0,火,40,魔攻,0.1,https://wiki.biligame.com/rocom/%E7%83%AD%E6%B0%94
283,热砂,热砂,,对敌方精灵造成魔法伤害。,2,地,80,魔攻,0.1,https://wiki.biligame.com/rocom/%E7%83%AD%E7%A0%82
284,热身,热身,把精灵的耳朵揉搓得热热的，准备接下来的战斗。,下一次攻击时，技能威力翻倍，应对防御：改为威力变为4倍。,1,火,0,状态,0.1,https://wiki.biligame.com/rocom/%E7%83%AD%E8%BA%AB
285,热身运动,热身运动,,自己获得连击数+3。,2,普通,0,状态,0.1,https://wiki.biligame.com/rocom/%E7%83%AD%E8%BA%AB%E8%BF%90%E5%8A%A8
286,焚尽,焚尽,火系部族的一种战术——烧掉自己身上的一切，包括名字和旗帜，直到只剩下战意。,驱散自己所有印记，每驱散1层，获得物攻+50%。巧变：火系攻击技能。,1,火,0,状态,0.1,https://wiki.biligame.com/rocom/%E7%84%9A%E5%B0%BD
287,焚毁,焚毁,S2赛季调整：&nbsp;威力60一40，造成魔伤，驱散敌方所有印记。一驱散敌方所有印记，每驱散1层，获得物攻+20%,造成魔伤，驱散敌方所有印记，每驱散1层，获得物攻+20%。,2,火,40,魔攻,0.2,https://wiki.biligame.com/rocom/%E7%84%9A%E6%AF%81
288,焚烧烙印,焚烧烙印,,驱散双方所有印记，每驱散1层，敌方获得5层灼烧。,3,火,0,状态,0.1,https://wiki.biligame.com/rocom/%E7%84%9A%E7%83%A7%E7%83%99%E5%8D%B0
289,燃尽,燃尽,“都结束了，敌人燃尽了，我们也燃尽了。”,造成魔伤，敌方每失去5%生命，本次技能威力-5。,4,火,155,魔攻,0.1,https://wiki.biligame.com/rocom/%E7%87%83%E5%B0%BD
290,爆冲,爆冲,,造成物伤，应对状态：本次技能威力变为5倍。,3,武,65,物攻,0.1,https://wiki.biligame.com/rocom/%E7%88%86%E5%86%B2
291,爆米花爆破,爆米花爆破,,对敌方精灵造成物理伤害。,5,萌,140,物攻,0.1,https://wiki.biligame.com/rocom/%E7%88%86%E7%B1%B3%E8%8A%B1%E7%88%86%E7%A0%B4
292,爆裂飞弹,爆裂飞弹,,对敌方精灵造成魔法伤害。,7,火,160,魔攻,0.1,https://wiki.biligame.com/rocom/%E7%88%86%E8%A3%82%E9%A3%9E%E5%BC%B9
293,牵连,牵连,,造成魔伤，敌方每有1只力竭精灵，本次技能威力+30。,4,恶,85,魔攻,0.1,https://wiki.biligame.com/rocom/%E7%89%B5%E8%BF%9E
294,猛烈撞击,猛烈撞击,头比计划先达到目的地。,对敌方精灵造成物理伤害。,1,普通,65,物攻,0.1,https://wiki.biligame.com/rocom/%E7%8C%9B%E7%83%88%E6%92%9E%E5%87%BB
295,玩具乐园,玩具乐园,,自身及背包里的精灵获得萌化，并提升30%攻防，速度+20。,7,萌,,状态,,https://wiki.biligame.com/rocom/%E7%8E%A9%E5%85%B7%E4%B9%90%E5%9B%AD
296,球状闪电,球状闪电,,对敌方精灵造成物理伤害。,1,电,60,物攻,0.1,https://wiki.biligame.com/rocom/%E7%90%83%E7%8A%B6%E9%97%AA%E7%94%B5
297,甜心续航,甜心续航,S2赛季调整：&nbsp;技能能耗3，自己和敌方获得萌化:回复40%生命和4一0能量,自己和敌方获得萌化：回复40%生命。,3,萌,0,状态,0.2,https://wiki.biligame.com/rocom/%E7%94%9C%E5%BF%83%E7%BB%AD%E8%88%AA
298,生日蛋糕,生日蛋糕,,驱散自己的减益，自己的增益翻倍。,4,萌,0,状态,0.1,https://wiki.biligame.com/rocom/%E7%94%9F%E6%97%A5%E8%9B%8B%E7%B3%95
299,甩水,甩水,一滴水珠被波波拉的小手托起，它说赠我小小的蓝。,造成魔伤，自己回复1能量。,0,水,30,魔攻,0.1,https://wiki.biligame.com/rocom/%E7%94%A9%E6%B0%B4
300,电弧,电弧,,造成物伤，迸发：本次技能威力+40。,3,电,80,物攻,0.1,https://wiki.biligame.com/rocom/%E7%94%B5%E5%BC%A7
301,电流,电流,,对敌方精灵造成魔法伤害。,0,电,40,魔攻,0.1,https://wiki.biligame.com/rocom/%E7%94%B5%E6%B5%81
302,电磁偏转,电磁偏转,,减伤70%，应对攻击：下回合所选技能使用次数+1。,3,电,0,防御,0.1,https://wiki.biligame.com/rocom/%E7%94%B5%E7%A3%81%E5%81%8F%E8%BD%AC
303,电离爆破,电离爆破,,敌方获得速度-40，3连击。,3,电,0,状态,0.1,https://wiki.biligame.com/rocom/%E7%94%B5%E7%A6%BB%E7%88%86%E7%A0%B4
304,疫病吐息,疫病吐息,,敌方获得1层中毒印记。,3,毒,0,状态,0.1,https://wiki.biligame.com/rocom/%E7%96%AB%E7%97%85%E5%90%90%E6%81%AF
305,疾风刺,疾风刺,,造成物伤，1连击，若先于敌方攻击，改为3连击。,2,翼,25,物攻,0.1,https://wiki.biligame.com/rocom/%E7%96%BE%E9%A3%8E%E5%88%BA
306,疾风涡轮,疾风涡轮,,造成物伤，先手+1。,7,翼,115,物攻,,https://wiki.biligame.com/rocom/%E7%96%BE%E9%A3%8E%E6%B6%A1%E8%BD%AE
307,疾风连袭,疾风连袭,,释放自己释放过的迅捷技能，其能耗之和的二分之一加至本技能能耗，每次使用后能耗+1。,0,翼,0,状态,0.1,https://wiki.biligame.com/rocom/%E7%96%BE%E9%A3%8E%E8%BF%9E%E8%A2%AD
308,瘴气喷射,瘴气喷射,,对敌方精灵造成魔法伤害。,3,毒,100,魔攻,0.1,https://wiki.biligame.com/rocom/%E7%98%B4%E6%B0%94%E5%96%B7%E5%B0%84
309,盐水浴,盐水浴,,自己获得全技能能耗-2，应对防御：改为技能能耗-3。,2,水,0,状态,0.1,https://wiki.biligame.com/rocom/%E7%9B%90%E6%B0%B4%E6%B5%B4
310,盛开,盛开,,自己获得全技能威力+30，应对防御：改为威力+60。,1,草,0,状态,0.1,https://wiki.biligame.com/rocom/%E7%9B%9B%E5%BC%80
311,相位移动,相位移动,,减伤50%，本技能位于1号位或3号位时，额外减伤40%，应对攻击，传动1。,1,机械,0,防御,0.1,https://wiki.biligame.com/rocom/%E7%9B%B8%E4%BD%8D%E7%A7%BB%E5%8A%A8
312,瞬间零度,瞬间零度,,本回合敌方使用的技能能耗+3，应对防御：改为全技能能耗+3。,0,冰,0,状态,0.1,https://wiki.biligame.com/rocom/%E7%9E%AC%E9%97%B4%E9%9B%B6%E5%BA%A6
313,石肤术,石肤术,,自己获得物防+160%和魔防-60%。,3,地,0,状态,0.1,https://wiki.biligame.com/rocom/%E7%9F%B3%E8%82%A4%E6%9C%AF
314,石锁,石锁,,造成物伤，敌方3回合无法更换精灵。,3,地,50,物攻,0.1,https://wiki.biligame.com/rocom/%E7%9F%B3%E9%94%81
315,砂石冲撞,砂石冲撞,,造成物伤，若敌方本回合更换精灵，自己获得物防+100%。,3,地,80,物攻,0.1,https://wiki.biligame.com/rocom/%E7%A0%82%E7%9F%B3%E5%86%B2%E6%92%9E
316,砂糖弹球,砂糖弹球,,造成物伤，双方体重差越大，本次技能威力越高。,2,萌,0,物攻,0.1,https://wiki.biligame.com/rocom/%E7%A0%82%E7%B3%96%E5%BC%B9%E7%90%83
317,破绽,破绽,,敌方获得双防-70%，应对防御：自己额外获得物攻+70%。,1,武,0,状态,0.1,https://wiki.biligame.com/rocom/%E7%A0%B4%E7%BB%BD
318,破罐破摔,破罐破摔,,造成魔伤，自己有减益时，本次技能威力+60。,3,萌,80,魔攻,0.1,https://wiki.biligame.com/rocom/%E7%A0%B4%E7%BD%90%E7%A0%B4%E6%91%94
319,破防,破防,S2赛季调整：&nbsp;技能能耗3一2，敌方获得双防-130一-70%，应对防御:额外使被应对技能冷却2回合,敌方获得双防-70%，应对防御：额外使被应对技能冷却2回合。,2,武,0,状态,0.2,https://wiki.biligame.com/rocom/%E7%A0%B4%E9%98%B2
320,硬化,硬化,,减伤90%，若上次使用攻击技则本技能能耗-2，应对攻击。,2,地,0,防御,0.1,https://wiki.biligame.com/rocom/%E7%A1%AC%E5%8C%96
321,硬门,硬门,某个擅长对决的魔法师点评此武学：硬门之韵在于对手先攻，我方以静制动。,应对攻击：打断被应对技能，并造成90威力物伤。,2,武,0,防御,0.1,https://wiki.biligame.com/rocom/%E7%A1%AC%E9%97%A8
322,碎冰冰,碎冰冰,,造成魔伤，敌方每有1层冻结，本次技能威力+20。,3,冰,40,魔攻,0.1,https://wiki.biligame.com/rocom/%E7%A2%8E%E5%86%B0%E5%86%B0
323,碎冰击,碎冰击,,造成物伤，敌方获得技能能耗+1。,4,冰,90,物攻,,https://wiki.biligame.com/rocom/%E7%A2%8E%E5%86%B0%E5%87%BB
324,碰爪,碰爪,,对敌方精灵造成物理伤害。,1,萌,60,物攻,0.1,https://wiki.biligame.com/rocom/%E7%A2%B0%E7%88%AA
325,磁干扰,磁干扰,精灵对决中常发生的怪异现象，突然，指南针开始指北。,对敌方精灵造成魔法伤害。,1,电,60,魔攻,0.1,https://wiki.biligame.com/rocom/%E7%A3%81%E5%B9%B2%E6%89%B0
326,磁暴,磁暴,,造成魔伤，本技能位于1号或3号位时威力+30，传动1。,2,机械,70,魔攻,0.1,https://wiki.biligame.com/rocom/%E7%A3%81%E6%9A%B4
327,示弱,示弱,,自己获得萌化：速度永久+150。,1,萌,0,状态,0.1,https://wiki.biligame.com/rocom/%E7%A4%BA%E5%BC%B1
328,离子火花,离子火花,,对敌方精灵造成物理伤害。,2,电,80,物攻,0.1,https://wiki.biligame.com/rocom/%E7%A6%BB%E5%AD%90%E7%81%AB%E8%8A%B1
329,离子震荡,离子震荡,,造成魔伤，本技能位于3号位时威力+40，传动1。,3,机械,90,魔攻,0.1,https://wiki.biligame.com/rocom/%E7%A6%BB%E5%AD%90%E9%9C%87%E8%8D%A1
330,种子弹,种子弹,,造成物伤，自己回复1能量。,0,草,30,物攻,0.1,https://wiki.biligame.com/rocom/%E7%A7%8D%E5%AD%90%E5%BC%B9
331,种皮爆裂,种皮爆裂,下周野外考察课的考察对象有些危险，大家穿上能防弹的魔法袍再来。,造成物伤，2连击。,1,草,25,物攻,0.1,https://wiki.biligame.com/rocom/%E7%A7%8D%E7%9A%AE%E7%88%86%E8%A3%82
332,移花接木,移花接木,不算逃跑。,自己回复15%生命，随后脱离。,2,草,0,状态,0.1,https://wiki.biligame.com/rocom/%E7%A7%BB%E8%8A%B1%E6%8E%A5%E6%9C%A8
333,空间压迫,空间压迫,,造成物伤，敌方获得1层星陨印记。,3,幻,70,物攻,0.1,https://wiki.biligame.com/rocom/%E7%A9%BA%E9%97%B4%E5%8E%8B%E8%BF%AB
334,穿膛,穿膛,,造成物伤，若敌方能量小于等于2，造成5倍伤害。,2,普通,65,物攻,0.1,https://wiki.biligame.com/rocom/%E7%A9%BF%E8%86%9B
335,突袭,突袭,,造成魔伤，应对状态：本次技能威力变为3倍。,2,普通,70,魔攻,0.1,https://wiki.biligame.com/rocom/%E7%AA%81%E8%A2%AD
336,等价交换,等价交换,,减伤90%，应对攻击：自己获得50%吸血。,3,恶,0,防御,0.1,https://wiki.biligame.com/rocom/%E7%AD%89%E4%BB%B7%E4%BA%A4%E6%8D%A2
337,筛管奔流,筛管奔流,,造成物伤，自己生命大于80%时，本次技能威力+75。,3,草,80,物攻,0.1,https://wiki.biligame.com/rocom/%E7%AD%9B%E7%AE%A1%E5%A5%94%E6%B5%81
338,粒子对撞,粒子对撞,,对敌方精灵造成物理伤害。,0,幻,40,物攻,0.1,https://wiki.biligame.com/rocom/%E7%B2%92%E5%AD%90%E5%AF%B9%E6%92%9E
339,精神扰乱,精神扰乱,,敌方获得全技能能耗+1，应对防御：改为能耗+3。,0,普通,0,状态,0.1,https://wiki.biligame.com/rocom/%E7%B2%BE%E7%A5%9E%E6%89%B0%E4%B9%B1
340,纤维化,纤维化,,减伤80%，应对攻击：自己获得物防+70%。,2,草,0,防御,0.1,https://wiki.biligame.com/rocom/%E7%BA%A4%E7%BB%B4%E5%8C%96
341,绵里藏针,绵里藏针,S2赛季调整：&nbsp;技能能耗2，威力50一60，若自己上回合未攻击敌方并造成伤害，本技能每回合永久+30一+20;,造成魔伤，若自己上回合未攻击敌方并造成伤害，本技能威力永久+20。,2,龙,60,魔攻,0.2,https://wiki.biligame.com/rocom/%E7%BB%B5%E9%87%8C%E8%97%8F%E9%92%88
342,缓冻,缓冻,,造成物伤，敌方速度-10。,3,冰,85,魔攻,,https://wiki.biligame.com/rocom/%E7%BC%93%E5%86%BB
343,缠丝劲,缠丝劲,,造成物伤，2连击。,1,武,25,物攻,0.1,https://wiki.biligame.com/rocom/%E7%BC%A0%E4%B8%9D%E5%8A%B2
344,网缚,网缚,,造成物伤，敌方获得物防-30%。,2,虫,60,物攻,0.1,https://wiki.biligame.com/rocom/%E7%BD%91%E7%BC%9A
345,羽刃,羽刃,,造成物伤，应对状态：回合结束使敌方紧急脱离。,2,翼,75,物攻,0.1,https://wiki.biligame.com/rocom/%E7%BE%BD%E5%88%83
346,羽化加速,羽化加速,,自己获得全技能威力+20，迅捷。,2,翼,0,状态,0.1,https://wiki.biligame.com/rocom/%E7%BE%BD%E5%8C%96%E5%8A%A0%E9%80%9F
347,羽毛舞,羽毛舞,,迅捷，驱散敌方一种增益。,2,翼,,状态,,https://wiki.biligame.com/rocom/%E7%BE%BD%E6%AF%9B%E8%88%9E
348,羽翼庇护,羽翼庇护,"S2赛季调整：&nbsp;技能能耗3一2，减伤70%，应对攻击:自己获得连击数
+3->+2",减伤70%，应对攻击：自己获得连击数+2。,2,翼,0,防御,0.2,https://wiki.biligame.com/rocom/%E7%BE%BD%E7%BF%BC%E5%BA%87%E6%8A%A4
349,翅刃,翅刃,,造成物伤，驱散敌方所有印记，应对状态：改为偷取印记。,4,虫,95,物攻,0.1,https://wiki.biligame.com/rocom/%E7%BF%85%E5%88%83
350,翼击,翼击,,造成魔伤，迅捷。,3,翼,50,魔攻,0.1,https://wiki.biligame.com/rocom/%E7%BF%BC%E5%87%BB
351,耀眼,耀眼,,敌方获得连击数-4。,1,普通,0,状态,0.1,https://wiki.biligame.com/rocom/%E8%80%80%E7%9C%BC
352,聒噪,聒噪,S2赛季调整：&nbsp;敌方获得全攻击技能能耗+3一+2，持续3回合。,敌方获得全攻击技能能耗+2，持续3回合。,3,普通,0,状态,0.2,https://wiki.biligame.com/rocom/%E8%81%92%E5%99%AA
353,联动装置,联动装置,,使用后两侧技能的威力永久+20，应对防御：变为威力永久+30。,0,机械,0,状态,0.1,https://wiki.biligame.com/rocom/%E8%81%94%E5%8A%A8%E8%A3%85%E7%BD%AE
354,聚盐,聚盐,S2赛季调整：&nbsp;2连击，每次连击自己回复5%一8%生命，使用后本技能连击数永久+1(不再恢复能量),2连击，每次连击自己回复8%生命，使用后本技能连击数永久+1。,3,草,0,状态,0.2,https://wiki.biligame.com/rocom/%E8%81%9A%E7%9B%90
355,肥皂泡,肥皂泡,,对敌方精灵造成魔法伤害。,1,水,60,魔攻,0.1,https://wiki.biligame.com/rocom/%E8%82%A5%E7%9A%82%E6%B3%A1
356,背袭,背袭,,造成魔伤，若敌方能量等于0，造成20倍伤害。,2,幽,40,魔攻,0.1,https://wiki.biligame.com/rocom/%E8%83%8C%E8%A2%AD
357,能量刃,能量刃,,造成物伤，每应对成功1次，本技能威力永久+90。,3,普通,80,物攻,0.1,https://wiki.biligame.com/rocom/%E8%83%BD%E9%87%8F%E5%88%83
358,能量守恒,能量守恒,,减伤80%，应对攻击：两侧技能能耗永久-1。,2,机械,0,防御,0.1,https://wiki.biligame.com/rocom/%E8%83%BD%E9%87%8F%E5%AE%88%E6%81%92
359,能量炮,能量炮,,造成魔伤，2连击。,3,普通,50,魔攻,0.1,https://wiki.biligame.com/rocom/%E8%83%BD%E9%87%8F%E7%82%AE
360,脉冲光线,脉冲光线,,对敌方精灵造成魔法伤害。,0,光,40,魔攻,0.1,https://wiki.biligame.com/rocom/%E8%84%89%E5%86%B2%E5%85%89%E7%BA%BF
361,腐化,腐化,,敌方每有1层中毒效果，敌方获得双攻-30%。,1,毒,0,状态,0.1,https://wiki.biligame.com/rocom/%E8%85%90%E5%8C%96
362,腐蚀酸液,腐蚀酸液,,造成魔伤，敌方获得2层中毒。,2,毒,35,魔攻,0.1,https://wiki.biligame.com/rocom/%E8%85%90%E8%9A%80%E9%85%B8%E6%B6%B2
363,色散,色散,战斗学科的某位老师，望着彩虹思索配队的时候，领悟到不同系别魔法穿过空气的速率是不一样的。,造成魔伤，对混血精灵造成伤害+50%。,3,光,80,魔攻,0.1,https://wiki.biligame.com/rocom/%E8%89%B2%E6%95%A3
364,花炮,花炮,,2连击，每次连击自己获得魔攻+60%。,2,草,0,状态,0.1,https://wiki.biligame.com/rocom/%E8%8A%B1%E7%82%AE
365,花香,花香,,对敌方精灵造成魔法伤害。,1,草,60,魔攻,0.1,https://wiki.biligame.com/rocom/%E8%8A%B1%E9%A6%99
366,芳香诱引,芳香诱引,S2赛季调整：&nbsp;技能能耗1一2，自己获得连击数+3一+2，应对防御:额外造成打断，且敌方下回合获得眩晕,自己获得连击数+2，应对防御：额外造成打断，且敌方下回合获得眩晕。,2,草,0,状态,0.2,https://wiki.biligame.com/rocom/%E8%8A%B3%E9%A6%99%E8%AF%B1%E5%BC%95
367,荆棘爪,荆棘爪,,对敌方精灵造成物理伤害。,2,草,80,物攻,0.1,https://wiki.biligame.com/rocom/%E8%8D%86%E6%A3%98%E7%88%AA
368,草虫冲击,草虫冲击,,造成物伤，若敌方本回合更换精灵，本次威力+50且无视敌方系别抵抗。,3,虫,80,物攻,0.1,https://wiki.biligame.com/rocom/%E8%8D%89%E8%99%AB%E5%86%B2%E5%87%BB
369,落井下毒,落井下毒,谁在井下？,使敌方精灵减益的层数翻倍。,6,毒,0,状态,0.1,https://wiki.biligame.com/rocom/%E8%90%BD%E4%BA%95%E4%B8%8B%E6%AF%92
370,落星,落星,,对敌方精灵造成物理伤害。,0,普通,45,物攻,0.1,https://wiki.biligame.com/rocom/%E8%90%BD%E6%98%9F
371,落石,落石,,造成物伤，1连击。,1,地,55,物攻,0.1,https://wiki.biligame.com/rocom/%E8%90%BD%E7%9F%B3
372,落雨,落雨,"天气「雨天」:双方水系技能威力+75%
S2赛季调整：&nbsp;将天气改为雨天，持续8回合。天气「雨天」:双方水系技能威力+50%一+75%",将天气改为雨天，持续8回合。,5,水,0,状态,0.1,https://wiki.biligame.com/rocom/%E8%90%BD%E9%9B%A8
373,落雷,落雷,S2赛季调整：&nbsp;技能能耗4一3，威力100一35，造成魔伤，每次入场，本技能威力永久+20-+40,造成魔伤，每次入场，本技能威力永久+40。,3,电,35,魔攻,0.1,https://wiki.biligame.com/rocom/%E8%90%BD%E9%9B%B7
374,蓄势待发,蓄势待发,,自己获得1层蓄势印记。,4,地,0,状态,0.1,https://wiki.biligame.com/rocom/%E8%93%84%E5%8A%BF%E5%BE%85%E5%8F%91
375,蓄水,蓄水,,下次使用的技能能耗-6。,1,水,0,状态,0.1,https://wiki.biligame.com/rocom/%E8%93%84%E6%B0%B4
376,蓄能轰击,蓄能轰击,真正的环保主义，能源循环利用。,造成魔伤，每使用1次普通系技能，本技能能耗永久-2。,6,普通,130,魔攻,0.1,https://wiki.biligame.com/rocom/%E8%93%84%E8%83%BD%E8%BD%B0%E5%87%BB
377,藤绞,藤绞,,造成物伤，自己回复5能量。,4,草,80,物攻,0.1,https://wiki.biligame.com/rocom/%E8%97%A4%E7%BB%9E
378,藤鞭,藤鞭,,造成物伤，2连击。,3,草,35,物攻,,https://wiki.biligame.com/rocom/%E8%97%A4%E9%9E%AD
379,虚假破产,虚假破产,,减伤80%，能量不足时，消耗5%生命代替1能量，应对攻击。,2,恶,0,防御,0.1,https://wiki.biligame.com/rocom/%E8%99%9A%E5%81%87%E7%A0%B4%E4%BA%A7
380,虚化,虚化,,减伤80%，应对攻击：自己获得魔防+70%。,2,幽,0,防御,0.1,https://wiki.biligame.com/rocom/%E8%99%9A%E5%8C%96
381,虫击,虫击,,造成物伤，应对状态：本次技能威力变为2倍，无视敌方系别抵抗。,3,虫,90,物攻,0.1,https://wiki.biligame.com/rocom/%E8%99%AB%E5%87%BB
382,虫刺,虫刺,,造成魔伤，3连击。,1,虫,15,魔攻,0.1,https://wiki.biligame.com/rocom/%E8%99%AB%E5%88%BA
383,虫结阵,虫结阵,研究手记：虫群盘成漩涡，每一次振翅都将最终掀起龙卷。,减伤80%，应对攻击：己方队伍获得1次随机奉献。,2,虫,0,防御,0.1,https://wiki.biligame.com/rocom/%E8%99%AB%E7%BB%93%E9%98%B5
384,虫网,虫网,,造成魔伤，自己回复1能量。,0,虫,30,魔攻,0.1,https://wiki.biligame.com/rocom/%E8%99%AB%E7%BD%91
385,虫群,虫群,即使圣城坠毁，虫群也不会灭绝。,造成物伤，1连击，本技能会受奉献影响。,7,虫,20,物攻,0.1,https://wiki.biligame.com/rocom/%E8%99%AB%E7%BE%A4
386,虫群智慧,虫群智慧,,己方队伍获得2次随机奉献。,3,虫,0,状态,0.1,https://wiki.biligame.com/rocom/%E8%99%AB%E7%BE%A4%E6%99%BA%E6%85%A7
387,虫群过境,虫群过境,S2赛季调整：&nbsp;技能能耗5一3，威力45一30，造成物伤，2连击。己方队伍获得1次奉献:获得连击数+1,造成物伤，2连击。己方队伍获得1次奉献：获得连击数+1。,3,虫,30,物攻,0.2,https://wiki.biligame.com/rocom/%E8%99%AB%E7%BE%A4%E8%BF%87%E5%A2%83
388,虫茧,虫茧,研究手记：茧不透光，只听到内里传出咀嚼声。,自己回复20%生命，己方队伍获得1次奉献：获得10%吸血。,1,虫,0,状态,0.1,https://wiki.biligame.com/rocom/%E8%99%AB%E8%8C%A7
389,虫蛊,虫蛊,,对敌方精灵造成魔法伤害。,3,虫,100,魔攻,0.1,https://wiki.biligame.com/rocom/%E8%99%AB%E8%9B%8A
390,虫鸣,虫鸣,,造成魔伤，队伍中的精灵每携带1个虫鸣，本次技能连击数+1。,2,虫,15,魔攻,0.1,https://wiki.biligame.com/rocom/%E8%99%AB%E9%B8%A3
391,虹光冲击,虹光冲击,,对敌方精灵造成魔法伤害。,3,光,100,魔攻,0.1,https://wiki.biligame.com/rocom/%E8%99%B9%E5%85%89%E5%86%B2%E5%87%BB
392,蛰针,蛰针,,对敌方精灵造成物理伤害。,0,虫,40,物攻,0.1,https://wiki.biligame.com/rocom/%E8%9B%B0%E9%92%88
393,蜡质膜,蜡质膜,,减伤80%，应对攻击：回复3能量。,2,草,0,防御,0.1,https://wiki.biligame.com/rocom/%E8%9C%A1%E8%B4%A8%E8%86%9C
394,蝙蝠,蝙蝠,,造成物伤，并吸血100%。,2,恶,65,物攻,0.1,https://wiki.biligame.com/rocom/%E8%9D%99%E8%9D%A0
395,血气,血气,,减伤60%，应对攻击：本回合受到致命伤害时，保留1生命值。,2,普通,0,防御,0.1,https://wiki.biligame.com/rocom/%E8%A1%80%E6%B0%94
396,裂石,裂石,,造成物伤，应对状态：敌方获得物防-80%。,3,地,95,物攻,0.1,https://wiki.biligame.com/rocom/%E8%A3%82%E7%9F%B3
397,见招拆招,见招拆招,,造成物伤，若上回合使用状态技能，本次技能威力+55。,2,普通,65,物攻,0.1,https://wiki.biligame.com/rocom/%E8%A7%81%E6%8B%9B%E6%8B%86%E6%8B%9B
398,角击,角击,,对敌方精灵造成魔法伤害。,2,龙,80,魔攻,0.1,https://wiki.biligame.com/rocom/%E8%A7%92%E5%87%BB
399,触底强击,触底强击,S2赛季调整：&nbsp;技能能耗3一4，威力65一95，造成魔伤，使用后若能量耗尽，本次技能威力+120,造成魔伤，使用后若能量耗尽，本次技能威力+120。,4,普通,95,魔攻,0.2,https://wiki.biligame.com/rocom/%E8%A7%A6%E5%BA%95%E5%BC%BA%E5%87%BB
400,触电,触电,,对敌方精灵造成魔法伤害。,2,电,80,魔攻,0.1,https://wiki.biligame.com/rocom/%E8%A7%A6%E7%94%B5
401,许愿星,许愿星,他们为了愿望而来。,对敌方精灵造成魔法伤害。,3,普通,110,魔攻,0.1,https://wiki.biligame.com/rocom/%E8%AE%B8%E6%84%BF%E6%98%9F
402,诋毁,诋毁,,对敌方精灵造成物理伤害。,2,恶,80,物攻,0.1,https://wiki.biligame.com/rocom/%E8%AF%8B%E6%AF%81
403,诡刺,诡刺,,对敌方精灵造成物理伤害。,0,幽,40,物攻,0.1,https://wiki.biligame.com/rocom/%E8%AF%A1%E5%88%BA
404,贪婪,贪婪,,自己获得100%吸血。,2,恶,0,状态,0.1,https://wiki.biligame.com/rocom/%E8%B4%AA%E5%A9%AA
405,贮藏,贮藏,,自己获得双攻+50%，每携带1个0能耗技能，额外+50%。,2,虫,0,状态,0.1,https://wiki.biligame.com/rocom/%E8%B4%AE%E8%97%8F
406,贯手,贯手,,对敌方精灵造成魔法伤害。,2,武,80,魔攻,0.1,https://wiki.biligame.com/rocom/%E8%B4%AF%E6%89%8B
407,赤子之心,赤子之心,,自己获得萌化：全技能能耗永久-3。,2,萌,0,状态,0.1,https://wiki.biligame.com/rocom/%E8%B5%A4%E5%AD%90%E4%B9%8B%E5%BF%83
408,趁火打劫,趁火打劫,,造成物伤，2连击，若击败敌方，本技能连击数永久+2。,3,恶,35,物攻,0.1,https://wiki.biligame.com/rocom/%E8%B6%81%E7%81%AB%E6%89%93%E5%8A%AB
409,超导,超导,,造成魔伤，迸发：本技能能耗-1。,3,电,95,魔攻,0.1,https://wiki.biligame.com/rocom/%E8%B6%85%E5%AF%BC
410,超导加速,超导加速,,造成魔伤，自己获得速度+30。,2,电,70,魔攻,0.1,https://wiki.biligame.com/rocom/%E8%B6%85%E5%AF%BC%E5%8A%A0%E9%80%9F
411,超新星馈赠,超新星馈赠,,敌方获得2层星陨印记，每使用1次，赋予的星陨印记层数+1。,2,幻,0,状态,0.1,https://wiki.biligame.com/rocom/%E8%B6%85%E6%96%B0%E6%98%9F%E9%A6%88%E8%B5%A0
412,超级糖果,超级糖果,,造成物伤，自己获得萌化：本次技能威力+60。,3,萌,100,物攻,0.1,https://wiki.biligame.com/rocom/%E8%B6%85%E7%BA%A7%E7%B3%96%E6%9E%9C
413,超维投射,超维投射,,敌方获得4层星陨印记。,4,幻,0,状态,0.1,https://wiki.biligame.com/rocom/%E8%B6%85%E7%BB%B4%E6%8A%95%E5%B0%84
414,跌落,跌落,,造成大量物伤，自己获得物攻-50%，应对状态：改为获得物攻+50%。,3,恶,120,物攻,0.1,https://wiki.biligame.com/rocom/%E8%B7%8C%E8%90%BD
415,践踏,践踏,,对敌方精灵造成物理伤害。,4,普通,130,物攻,0.1,https://wiki.biligame.com/rocom/%E8%B7%B5%E8%B8%8F
416,跺地,跺地,,对敌方精灵造成物理伤害。,2,地,80,物攻,0.1,https://wiki.biligame.com/rocom/%E8%B7%BA%E5%9C%B0
417,踏雷,踏雷,,自己回合结束时返场，携带的攻击技能下回合获得1个已触发过的进发效果，应对防御：改为获得所有触发过的迸发效果。,2,电,0,状态,0.1,https://wiki.biligame.com/rocom/%E8%B8%8F%E9%9B%B7
418,轴承支撑,轴承支撑,,主动：本技能被动额外-1能耗，被动：两侧技能能耗-1，传动1。,3,机械,0,状态,0.1,https://wiki.biligame.com/rocom/%E8%BD%B4%E6%89%BF%E6%94%AF%E6%92%91
419,过曝,过曝,,造成魔伤，每使用过1个其他系别技能，本技能威力永久+30。,3,光,60,魔攻,0.1,https://wiki.biligame.com/rocom/%E8%BF%87%E6%9B%9D
420,过载回路,过载回路,,回合结束自己返场，下回合所选技能使用次数+1。,1,电,0,状态,0.1,https://wiki.biligame.com/rocom/%E8%BF%87%E8%BD%BD%E5%9B%9E%E8%B7%AF
421,远程访问,远程访问,,使敌方精灵返场。,2,电,0,状态,0.1,https://wiki.biligame.com/rocom/%E8%BF%9C%E7%A8%8B%E8%AE%BF%E9%97%AE
422,连续毒针,连续毒针,,造成物伤，2连击，每次连击使敌方获得1层中毒。,2,毒,15,物攻,0.1,https://wiki.biligame.com/rocom/%E8%BF%9E%E7%BB%AD%E6%AF%92%E9%92%88
423,连续爪击,连续爪击,,造成物伤，2连击，应对状态：本次技能连击数翻倍。,2,普通,30,物攻,0.1,https://wiki.biligame.com/rocom/%E8%BF%9E%E7%BB%AD%E7%88%AA%E5%87%BB
424,迫害,迫害,,对敌方精灵造成物理伤害。,0,恶,40,物攻,0.1,https://wiki.biligame.com/rocom/%E8%BF%AB%E5%AE%B3
425,迫近攻击,迫近攻击,埋伏，冲刺，出击。驮着小洛克的时候不要做这种事哦。,造成物伤。每次使用后，本技能威力永久+45。,3,普通,90,物攻,0.1,https://wiki.biligame.com/rocom/%E8%BF%AB%E8%BF%91%E6%94%BB%E5%87%BB
426,追打,追打,不是所有精灵都能掌握的技能，如果使用不好的话会自己绊倒自己。,造成魔伤，1连击，应对状态：本技能变为3连击。,3,普通,75,魔攻,0.1,https://wiki.biligame.com/rocom/%E8%BF%BD%E6%89%93
427,退化,退化,“可以不用再战斗了”。,敌方获得1层萌化。,2,普通,0,状态,0.1,https://wiki.biligame.com/rocom/%E9%80%80%E5%8C%96
428,逆向演化,逆向演化,,解除萌化，每层萌化会给敌方赋予一层萌化。,1,萌,,状态,,https://wiki.biligame.com/rocom/%E9%80%86%E5%90%91%E6%BC%94%E5%8C%96
429,逆袭,逆袭,,造成物伤，本技能能耗每+1，威力+50。,3,普通,100,物攻,0.1,https://wiki.biligame.com/rocom/%E9%80%86%E8%A2%AD
430,透射,透射,,对敌方精灵造成物理伤害。,1,光,60,物攻,0.1,https://wiki.biligame.com/rocom/%E9%80%8F%E5%B0%84
431,速冻,速冻,,敌方获得2层减速印记。,4,冰,0,状态,0.1,https://wiki.biligame.com/rocom/%E9%80%9F%E5%86%BB
432,遁地,遁地,,减伤50%并脱离，应对攻击。,3,地,0,防御,0.1,https://wiki.biligame.com/rocom/%E9%81%81%E5%9C%B0
433,酶浓度调整,酶浓度调整,酶溶剂有一点臭臭的，但精灵们很喜欢，会使劲地嗅。,减伤80%，应对攻击：自己回复20%生命。,3,草,0,防御,0.1,https://wiki.biligame.com/rocom/%E9%85%B6%E6%B5%93%E5%BA%A6%E8%B0%83%E6%95%B4
434,重击,重击,所谓重击，就是要让全身的力量爆发，绝对不要想着还会挥出第二拳。,造成物伤，每次使用后，本技能能耗永久+1。,2,普通,110,物攻,0.1,https://wiki.biligame.com/rocom/%E9%87%8D%E5%87%BB
435,金属噪音,金属噪音,,对敌方精灵造成魔法伤害。,3,机械,100,魔攻,0.1,https://wiki.biligame.com/rocom/%E9%87%91%E5%B1%9E%E5%99%AA%E9%9F%B3
436,针刺射击,针刺射击,,造成物伤，若敌方本回合更换精灵，自己回复7点能量。,3,草,80,物攻,0.1,https://wiki.biligame.com/rocom/%E9%92%88%E5%88%BA%E5%B0%84%E5%87%BB
437,针状物,针状物,,造成魔伤，3连击。,3,幻,30,魔攻,0.1,https://wiki.biligame.com/rocom/%E9%92%88%E7%8A%B6%E7%89%A9
438,钢钻,钢钻,,造成物伤，技能威力为两侧技能威力和的三分之一，传动1。,4,机械,0,物攻,0.1,https://wiki.biligame.com/rocom/%E9%92%A2%E9%92%BB
439,钢铁洪流,钢铁洪流,,造成物伤，本技能位于1号位时威力+90，传动2。,3,机械,70,物攻,0.1,https://wiki.biligame.com/rocom/%E9%92%A2%E9%93%81%E6%B4%AA%E6%B5%81
440,钧势,钧势,现在我与山岳同呼吸。,自己获得物防+140%和速度-30。,3,地,0,状态,0.1,https://wiki.biligame.com/rocom/%E9%92%A7%E5%8A%BF
441,铁蒺藜,铁蒺藜,地系氏族众多发明中不起眼的一个。“它可以一直等，直到有人来。”,造成魔伤，应对状态：本次伤害翻倍。,3,机械,85,魔攻,0.1,https://wiki.biligame.com/rocom/%E9%93%81%E8%92%BA%E8%97%9C
442,锐利眼神,锐利眼神,,敌方获得物防和魔防-120%。,2,普通,0,状态,0.1,https://wiki.biligame.com/rocom/%E9%94%90%E5%88%A9%E7%9C%BC%E7%A5%9E
443,错乱,错乱,,造成魔伤，应对状态：敌方获得3层星陨印记。,2,幻,65,魔攻,0.1,https://wiki.biligame.com/rocom/%E9%94%99%E4%B9%B1
444,镜像反射,镜像反射,镜面无法吞噬光，光只会变得面目模糊。,减伤70%，应对攻击：本技能变为被应对的技能。,1,光,0,防御,0.1,https://wiki.biligame.com/rocom/%E9%95%9C%E5%83%8F%E5%8F%8D%E5%B0%84
445,闪光,闪光,,对敌方精灵造成魔法伤害。,1,光,60,魔攻,0.1,https://wiki.biligame.com/rocom/%E9%97%AA%E5%85%89
446,闪光冲击,闪光冲击,,对敌方精灵造成物理伤害。,3,光,100,物攻,0.1,https://wiki.biligame.com/rocom/%E9%97%AA%E5%85%89%E5%86%B2%E5%87%BB
447,闪击,闪击,"速度差值&nbsp;&nbsp;0~14&nbsp;15~29&nbsp;30~44&nbsp;45~59&nbsp;60~74&nbsp;75~89&nbsp;90~104&nbsp;105~119&nbsp;120~134&nbsp;>135
威力&nbsp;60&nbsp;100&nbsp;130&nbsp;140&nbsp;150&nbsp;160&nbsp;170&nbsp;180&nbsp;190&nbsp;195&nbsp;200
S2赛季削弱：&nbsp;调整速度差对于威力的影响，
速度低于对手或相同时，威力仍为60，
速度高于对手136及以上时，威力提升至200，
速度高于对手271及以上时，威力提升至200",造成物伤，速度比敌方越高，本次技能威力越高。,4,翼,60,物攻,,https://wiki.biligame.com/rocom/%E9%97%AA%E5%87%BB
448,闪击折返,闪击折返,战术撤退，让敌方和己方都措手不及。,造成物伤，2连击，自己脱离。,5,电,45,物攻,0.1,https://wiki.biligame.com/rocom/%E9%97%AA%E5%87%BB%E6%8A%98%E8%BF%94
449,闪燃,闪燃,火系部族最基础的手法，让烈火在最正确的地方出现。,造成物伤，应对状态：本次技能威力变为4倍。,1,火,40,物攻,0.1,https://wiki.biligame.com/rocom/%E9%97%AA%E7%87%83
450,防反,防反,"S2赛季调整：&nbsp;减伤60一70%，应对攻击:自己获得物攻和魔攻+40一
+70%",减伤70%，应对攻击：自己获得物攻和魔攻+70%。,2,普通,0,防御,0.2,https://wiki.biligame.com/rocom/%E9%98%B2%E5%8F%8D
451,防御,防御,,减伤70%，应对攻击。,1,普通,0,防御,0.1,https://wiki.biligame.com/rocom/%E9%98%B2%E5%BE%A1
452,防御反击,防御反击,对战课的某个老师，认为精灵对战中存在一种流体力学，感受空气中魔法的流动，能预测和防御对手的招式。,减伤80%，应对攻击：自己获得全技能威力+40。,3,武,0,防御,0.1,https://wiki.biligame.com/rocom/%E9%98%B2%E5%BE%A1%E5%8F%8D%E5%87%BB
453,阳火增辉,阳火增辉,,造成魔伤，每次击败敌方，本技能威力永久翻倍。,3,火,75,魔攻,0.1,https://wiki.biligame.com/rocom/%E9%98%B3%E7%81%AB%E5%A2%9E%E8%BE%89
454,阻断,阻断,S2赛季调整：&nbsp;威力80一75，造成魔伤，应对状态:额外打断被应对技能,造成魔伤，应对状态：额外打断被应对技能。,2,普通,75,魔攻,0.2,https://wiki.biligame.com/rocom/%E9%98%BB%E6%96%AD
455,降灵,降灵,,敌方获得1层降灵印记。,2,幽,0,状态,0.1,https://wiki.biligame.com/rocom/%E9%99%8D%E7%81%B5
456,除厄,除厄,,造成魔伤，驱散自己的减益。,2,火,60,魔攻,0.1,https://wiki.biligame.com/rocom/%E9%99%A4%E5%8E%84
457,陨石,陨石,,对敌方精灵造成魔法伤害。,3,地,100,魔攻,0.1,https://wiki.biligame.com/rocom/%E9%99%A8%E7%9F%B3
458,隐藏条款,隐藏条款,,与敌方交换携带的技能。,8,恶,0,状态,0.1,https://wiki.biligame.com/rocom/%E9%9A%90%E8%97%8F%E6%9D%A1%E6%AC%BE
459,隼鳞,隼鳞,,对敌方精灵造成物理伤害。,5,龙,140,物攻,0.1,https://wiki.biligame.com/rocom/%E9%9A%BC%E9%B3%9E
460,集中,集中,,减伤80%，应对攻击：自己回合结束返场。,2,电,0,防御,0.1,https://wiki.biligame.com/rocom/%E9%9B%86%E4%B8%AD
461,雪替身,雪替身,,减伤70%，应对攻击：回复能量，回复值等于被应对技能能耗的2倍。,2,冰,0,防御,0.1,https://wiki.biligame.com/rocom/%E9%9B%AA%E6%9B%BF%E8%BA%AB
462,雪球,雪球,,敌方获得速度-90。,1,冰,0,状态,0.1,https://wiki.biligame.com/rocom/%E9%9B%AA%E7%90%83
463,雷暴,雷暴,,造成魔伤，迸发：本技能获得所有生效过的迸发，每获得1种，本技能能耗+1，威力+10。,1,电,55,魔攻,0.1,https://wiki.biligame.com/rocom/%E9%9B%B7%E6%9A%B4
464,雾气环绕,雾气环绕,,回复能量，回复值等于敌方技能总能耗的一半。,1,冰,0,状态,0.1,https://wiki.biligame.com/rocom/%E9%9B%BE%E6%B0%94%E7%8E%AF%E7%BB%95
465,震击,震击,,造成伤害，敌方获得连击数-3。,3,地,80,物攻,0.1,https://wiki.biligame.com/rocom/%E9%9C%87%E5%87%BB
466,霜冻,霜冻,,敌方获得魔防-100%。,1,冰,0,状态,0.1,https://wiki.biligame.com/rocom/%E9%9C%9C%E5%86%BB
467,霜天,霜天,,敌方获得1层冻结，且每有1层冻结获得全技能能耗+1。,4,冰,0,状态,0.1,https://wiki.biligame.com/rocom/%E9%9C%9C%E5%A4%A9
468,霜降,霜降,,敌方获得4层冻结。,1,冰,0,状态,0.1,https://wiki.biligame.com/rocom/%E9%9C%9C%E9%99%8D
469,鞭打,鞭打,,对敌方精灵造成物理伤害。,0,萌,40,物攻,0.1,https://wiki.biligame.com/rocom/%E9%9E%AD%E6%89%93
470,音波弹,音波弹,,造成魔伤，1连击。,1,普通,60,魔攻,0.1,https://wiki.biligame.com/rocom/%E9%9F%B3%E6%B3%A2%E5%BC%B9
471,音爆,音爆,没练好的歌。,对敌方精灵造成魔法伤害。,4,普通,130,魔攻,0.1,https://wiki.biligame.com/rocom/%E9%9F%B3%E7%88%86
472,顶端优势,顶端优势,,对敌方精灵造成物理伤害。,3,草,100,物攻,0.1,https://wiki.biligame.com/rocom/%E9%A1%B6%E7%AB%AF%E4%BC%98%E5%8A%BF
473,预备势,预备势,,自己获得物攻+80%，应对防御：额外使敌方获得物防-80%。,1,武,0,状态,0.1,https://wiki.biligame.com/rocom/%E9%A2%84%E5%A4%87%E5%8A%BF
474,风吹雪,风吹雪,,造成魔伤，自己回复1能量。,0,冰,30,魔攻,0.1,https://wiki.biligame.com/rocom/%E9%A3%8E%E5%90%B9%E9%9B%AA
475,风墙,风墙,,减伤50%，迅捷，应对攻击。,2,翼,0,防御,0.1,https://wiki.biligame.com/rocom/%E9%A3%8E%E5%A2%99
476,风矢,风矢,,对敌方精灵造成物理伤害。,2,翼,80,物攻,0.1,https://wiki.biligame.com/rocom/%E9%A3%8E%E7%9F%A2
477,风起,风起,先手攻击时技能威力+20%,自己获得1层风起印记。,4,翼,0,状态,0.1,https://wiki.biligame.com/rocom/%E9%A3%8E%E8%B5%B7
478,风隐,风隐,,敌方和自己均脱离，先手-1。,1,翼,0,状态,0.1,https://wiki.biligame.com/rocom/%E9%A3%8E%E9%9A%90
479,飞叶,飞叶,,对敌方精灵造成物理伤害。,0,草,40,物攻,0.1,https://wiki.biligame.com/rocom/%E9%A3%9E%E5%8F%B6
480,飞吻,飞吻,,对敌方精灵造成魔法伤害。,2,萌,80,魔攻,0.1,https://wiki.biligame.com/rocom/%E9%A3%9E%E5%90%BB
481,飞断,飞断,,造成物伤，己方队伍获得1次奉献：威力+20。,1,虫,20,物攻,0.1,https://wiki.biligame.com/rocom/%E9%A3%9E%E6%96%AD
482,飞羽,飞羽,,迅捷，驱散敌方1种增益。,0,翼,0,状态,0.1,https://wiki.biligame.com/rocom/%E9%A3%9E%E7%BE%BD
483,飞踢,飞踢,魔法学院里体术的第一课。,对敌方精灵造成物理伤害。,3,普通,110,物攻,0.1,https://wiki.biligame.com/rocom/%E9%A3%9E%E8%B8%A2
484,食腐,食腐,,驱散敌方印记，每层印记回复自己10%生命。,2,虫,0,状态,0.1,https://wiki.biligame.com/rocom/%E9%A3%9F%E8%85%90
485,骗局,骗局,,造成魔伤，能量不足时，消耗5%生命代替1能量。,4,恶,110,魔攻,,https://wiki.biligame.com/rocom/%E9%AA%97%E5%B1%80
486,高温回火,高温回火,,造成魔伤，自己脱离。,2,火,40,魔攻,0.1,https://wiki.biligame.com/rocom/%E9%AB%98%E6%B8%A9%E5%9B%9E%E7%81%AB
487,鬼火,鬼火,,造成魔伤，自己回复1能量。,0,幽,30,魔攻,0.1,https://wiki.biligame.com/rocom/%E9%AC%BC%E7%81%AB
488,魅惑,魅惑,,对敌方精灵造成魔法伤害。,1,萌,60,魔攻,0.1,https://wiki.biligame.com/rocom/%E9%AD%85%E6%83%91
489,魔法增效,魔法增效,,自己获得魔攻+70%。,0,普通,0,状态,0.1,https://wiki.biligame.com/rocom/%E9%AD%94%E6%B3%95%E5%A2%9E%E6%95%88
490,魔爪,魔爪,,造成物伤，自己回复1能量。,0,恶,30,物攻,0.1,https://wiki.biligame.com/rocom/%E9%AD%94%E7%88%AA
491,魔能爆,魔能爆,,造成魔伤，使用时消耗所有能量，消耗越高，伤害越高。,0,普通,1,魔攻,0.1,https://wiki.biligame.com/rocom/%E9%AD%94%E8%83%BD%E7%88%86
492,鸣叫,鸣叫,,对敌方精灵造成魔法伤害。,0,翼,40,魔攻,0.1,https://wiki.biligame.com/rocom/%E9%B8%A3%E5%8F%AB
493,鸣沙陷阱,鸣沙陷阱,"地系部族会把敌人和秘密一同用沙土掩埋。

S2赛季削弱：&nbsp;调整速度差对于威力的影响，
速度低于对手或相同时，威力仍为60，
速度高于对手136及以上时，威力提升至200，
速度高于对手271及以上时，威力提升至200",造成物伤，物防比敌方越高，本次技能威力越高。,4,地,60,物攻,0.1,https://wiki.biligame.com/rocom/%E9%B8%A3%E6%B2%99%E9%99%B7%E9%98%B1
494,鸩毒,鸩毒,一种从黄金时代遗迹中挖掘到的炼金药剂。,造成魔伤，敌方每有1层中毒效果，本次技能威力+10，应对状态：改为本次威力+20。,3,毒,75,魔攻,0.1,https://wiki.biligame.com/rocom/%E9%B8%A9%E6%AF%92
495,鹰爪,鹰爪,,对敌方精灵造成物理伤害。,1,翼,60,物攻,0.1,https://wiki.biligame.com/rocom/%E9%B9%B0%E7%88%AA
496,麻痹,麻痹,,敌方先手-1，应对防御：额外使敌方获得双攻-70%。,2,电,0,状态,0.1,https://wiki.biligame.com/rocom/%E9%BA%BB%E7%97%B9
497,黑手,黑手,,造成魔伤，2连击。,3,恶,45,魔攻,0.1,https://wiki.biligame.com/rocom/%E9%BB%91%E6%89%8B
498,鼓劲,鼓劲,,自己获得魔防+170%。,3,普通,0,状态,0.1,https://wiki.biligame.com/rocom/%E9%BC%93%E5%8A%B2
499,齿轮切开,齿轮切开,,造成物伤，本技能位于1号或3号位时能耗-2，传动1。,5,机械,130,物攻,0.1,https://wiki.biligame.com/rocom/%E9%BD%BF%E8%BD%AE%E5%88%87%E5%BC%80
500,齿轮扭矩,齿轮扭矩,,造成物伤，每回合位置发生变化时，本技能威力永久+20。,3,机械,80,物攻,0.1,https://wiki.biligame.com/rocom/%E9%BD%BF%E8%BD%AE%E6%89%AD%E7%9F%A9
501,龙之利爪,龙之利爪,“啊，龙也会流血。”龙舔了舔爪子——向小洛克示意这是可可果的汁液。,蓄力，造成物伤并吸血50%。,3,龙,130,物攻,0.1,https://wiki.biligame.com/rocom/%E9%BE%99%E4%B9%8B%E5%88%A9%E7%88%AA
502,龙卷风,龙卷风,,造成物伤，迅捷，应对状态：本次技能威力变为1.5倍。,5,翼,70,物攻,0.1,https://wiki.biligame.com/rocom/%E9%BE%99%E5%8D%B7%E9%A3%8E
503,龙吟,龙吟,S2赛季调整：&nbsp;蓄力，自身获得双攻+100%一150%和速度+60一+80,蓄力，自己获得双攻+150%和速度+80。,3,龙,0,状态,0.2,https://wiki.biligame.com/rocom/%E9%BE%99%E5%90%9F
504,龙吼,龙吼,当第300个村庄在晨间被摧毁后，龙终于同意在打哈欠前先看看周围。,对敌方精灵造成物理伤害。,1,龙,60,物攻,0.1,https://wiki.biligame.com/rocom/%E9%BE%99%E5%90%BC
505,龙威,龙威,,自己获得1层龙噬印记 。,3,龙,0,状态,0.1,https://wiki.biligame.com/rocom/%E9%BE%99%E5%A8%81
506,龙息环爆,龙息环爆,,造成魔伤，应对状态：下次技能无需蓄力。,1,龙,55,魔攻,0.1,https://wiki.biligame.com/rocom/%E9%BE%99%E6%81%AF%E7%8E%AF%E7%88%86
507,龙炮,龙炮,,对敌方精灵造成物理伤害。,3,龙,100,物攻,0.1,https://wiki.biligame.com/rocom/%E9%BE%99%E7%82%AE
508,龙爪,龙爪,,对敌方精灵造成物理伤害。,4,龙,120,物攻,0.1,https://wiki.biligame.com/rocom/%E9%BE%99%E7%88%AA
509,龙血,龙血,龙血可以加固鳞甲，这一直是黑巫师们求而不得的材料。,减伤70%，本技能可以在蓄力状态下使用，应对攻击：下次技能无需蓄力。,2,龙,0,防御,0.1,https://wiki.biligame.com/rocom/%E9%BE%99%E8%A1%80
